video_path,label
dataset_compressed\accident\003.mp4,1
dataset_compressed\accident\04.mp4,1
dataset_compressed\accident\1.mp4,1
dataset_compressed\accident\10.mp4,1
dataset_compressed\accident\100.mp4,1
dataset_compressed\accident\101.mp4,1
dataset_compressed\accident\102.mp4,1
dataset_compressed\accident\103.mp4,1
dataset_compressed\accident\104.mp4,1
dataset_compressed\accident\105.mp4,1
dataset_compressed\accident\106.mp4,1
dataset_compressed\accident\107.mp4,1
dataset_compressed\accident\108.mp4,1
dataset_compressed\accident\109.mp4,1
dataset_compressed\accident\11.mp4,1
dataset_compressed\accident\110.mp4,1
dataset_compressed\accident\111.mp4,1
dataset_compressed\accident\112.mp4,1
dataset_compressed\accident\113.mp4,1
dataset_compressed\accident\114.mp4,1
dataset_compressed\accident\115.mp4,1
dataset_compressed\accident\116.mp4,1
dataset_compressed\accident\117.mp4,1
dataset_compressed\accident\118.mp4,1
dataset_compressed\accident\119.mp4,1
dataset_compressed\accident\12.mp4,1
dataset_compressed\accident\120.mp4,1
dataset_compressed\accident\121.mp4,1
dataset_compressed\accident\122.mp4,1
dataset_compressed\accident\123.mp4,1
dataset_compressed\accident\124.mp4,1
dataset_compressed\accident\125.mp4,1
dataset_compressed\accident\126.mp4,1
dataset_compressed\accident\127.mp4,1
dataset_compressed\accident\128.mp4,1
dataset_compressed\accident\129.mp4,1
dataset_compressed\accident\13.mp4,1
dataset_compressed\accident\130.mp4,1
dataset_compressed\accident\131.mp4,1
dataset_compressed\accident\132.mp4,1
dataset_compressed\accident\133.mp4,1
dataset_compressed\accident\134.mp4,1
dataset_compressed\accident\135.mp4,1
dataset_compressed\accident\136.mp4,1
dataset_compressed\accident\137.mp4,1
dataset_compressed\accident\138.mp4,1
dataset_compressed\accident\139.mp4,1
dataset_compressed\accident\14.mp4,1
dataset_compressed\accident\140.mp4,1
dataset_compressed\accident\141.mp4,1
dataset_compressed\accident\142.mp4,1
dataset_compressed\accident\143.mp4,1
dataset_compressed\accident\144.mp4,1
dataset_compressed\accident\145.mp4,1
dataset_compressed\accident\146.mp4,1
dataset_compressed\accident\147.mp4,1
dataset_compressed\accident\148.mp4,1
dataset_compressed\accident\149.mp4,1
dataset_compressed\accident\15.mp4,1
dataset_compressed\accident\150.mp4,1
dataset_compressed\accident\151.mp4,1
dataset_compressed\accident\152.mp4,1
dataset_compressed\accident\153.mp4,1
dataset_compressed\accident\154.mp4,1
dataset_compressed\accident\155.mp4,1
dataset_compressed\accident\156.mp4,1
dataset_compressed\accident\157.mp4,1
dataset_compressed\accident\159.mp4,1
dataset_compressed\accident\16.mp4,1
dataset_compressed\accident\160.mp4,1
dataset_compressed\accident\161.mp4,1
dataset_compressed\accident\162.mp4,1
dataset_compressed\accident\163.mp4,1
dataset_compressed\accident\164.mp4,1
dataset_compressed\accident\165.mp4,1
dataset_compressed\accident\166.mp4,1
dataset_compressed\accident\167.mp4,1
dataset_compressed\accident\168.mp4,1
dataset_compressed\accident\169.mp4,1
dataset_compressed\accident\17.mp4,1
dataset_compressed\accident\170.mp4,1
dataset_compressed\accident\171.mp4,1
dataset_compressed\accident\172.mp4,1
dataset_compressed\accident\173.mp4,1
dataset_compressed\accident\174.mp4,1
dataset_compressed\accident\175.mp4,1
dataset_compressed\accident\176.mp4,1
dataset_compressed\accident\177.mp4,1
dataset_compressed\accident\178.mp4,1
dataset_compressed\accident\179.mp4,1
dataset_compressed\accident\18.mp4,1
dataset_compressed\accident\180.mp4,1
dataset_compressed\accident\181.mp4,1
dataset_compressed\accident\182.mp4,1
dataset_compressed\accident\183.mp4,1
dataset_compressed\accident\184.mp4,1
dataset_compressed\accident\185.mp4,1
dataset_compressed\accident\186.mp4,1
dataset_compressed\accident\187.mp4,1
dataset_compressed\accident\188.mp4,1
dataset_compressed\accident\189.mp4,1
dataset_compressed\accident\19.mp4,1
dataset_compressed\accident\190.mp4,1
dataset_compressed\accident\191.mp4,1
dataset_compressed\accident\192.mp4,1
dataset_compressed\accident\193.mp4,1
dataset_compressed\accident\194.mp4,1
dataset_compressed\accident\195.mp4,1
dataset_compressed\accident\196.mp4,1
dataset_compressed\accident\198.mp4,1
dataset_compressed\accident\199.mp4,1
dataset_compressed\accident\2.mp4,1
dataset_compressed\accident\20.mp4,1
dataset_compressed\accident\200.mp4,1
dataset_compressed\accident\201.mp4,1
dataset_compressed\accident\202.mp4,1
dataset_compressed\accident\203.mp4,1
dataset_compressed\accident\204.mp4,1
dataset_compressed\accident\205.mp4,1
dataset_compressed\accident\206.mp4,1
dataset_compressed\accident\207.mp4,1
dataset_compressed\accident\208.mp4,1
dataset_compressed\accident\209.mp4,1
dataset_compressed\accident\21.mp4,1
dataset_compressed\accident\210.mp4,1
dataset_compressed\accident\211.mp4,1
dataset_compressed\accident\212.mp4,1
dataset_compressed\accident\213.mp4,1
dataset_compressed\accident\214.mp4,1
dataset_compressed\accident\215.mp4,1
dataset_compressed\accident\216.mp4,1
dataset_compressed\accident\217.mp4,1
dataset_compressed\accident\218.mp4,1
dataset_compressed\accident\219.mp4,1
dataset_compressed\accident\22.mp4,1
dataset_compressed\accident\220.mp4,1
dataset_compressed\accident\221.mp4,1
dataset_compressed\accident\222.mp4,1
dataset_compressed\accident\223.mp4,1
dataset_compressed\accident\224.mp4,1
dataset_compressed\accident\225.mp4,1
dataset_compressed\accident\226.mp4,1
dataset_compressed\accident\227.mp4,1
dataset_compressed\accident\228.mp4,1
dataset_compressed\accident\229.mp4,1
dataset_compressed\accident\23.mp4,1
dataset_compressed\accident\230.mp4,1
dataset_compressed\accident\231.mp4,1
dataset_compressed\accident\232.mp4,1
dataset_compressed\accident\233.mp4,1
dataset_compressed\accident\234.mp4,1
dataset_compressed\accident\235.mp4,1
dataset_compressed\accident\236.mp4,1
dataset_compressed\accident\237.mp4,1
dataset_compressed\accident\238.mp4,1
dataset_compressed\accident\239.mp4,1
dataset_compressed\accident\24.mp4,1
dataset_compressed\accident\240.mp4,1
dataset_compressed\accident\241.mp4,1
dataset_compressed\accident\242.mp4,1
dataset_compressed\accident\243.mp4,1
dataset_compressed\accident\244.mp4,1
dataset_compressed\accident\245.mp4,1
dataset_compressed\accident\246.mp4,1
dataset_compressed\accident\247.mp4,1
dataset_compressed\accident\248.mp4,1
dataset_compressed\accident\249.mp4,1
dataset_compressed\accident\250.mp4,1
dataset_compressed\accident\251.mp4,1
dataset_compressed\accident\252.mp4,1
dataset_compressed\accident\253.mp4,1
dataset_compressed\accident\254.mp4,1
dataset_compressed\accident\255.mp4,1
dataset_compressed\accident\256.mp4,1
dataset_compressed\accident\257.mp4,1
dataset_compressed\accident\258.mp4,1
dataset_compressed\accident\259.mp4,1
dataset_compressed\accident\26.mp4,1
dataset_compressed\accident\260.mp4,1
dataset_compressed\accident\261.mp4,1
dataset_compressed\accident\262.mp4,1
dataset_compressed\accident\263.mp4,1
dataset_compressed\accident\264.mp4,1
dataset_compressed\accident\265.mp4,1
dataset_compressed\accident\266.mp4,1
dataset_compressed\accident\267.mp4,1
dataset_compressed\accident\268.mp4,1
dataset_compressed\accident\269.mp4,1
dataset_compressed\accident\27.mp4,1
dataset_compressed\accident\270.mp4,1
dataset_compressed\accident\271.mp4,1
dataset_compressed\accident\272.mp4,1
dataset_compressed\accident\273.mp4,1
dataset_compressed\accident\274.mp4,1
dataset_compressed\accident\275.mp4,1
dataset_compressed\accident\276.mp4,1
dataset_compressed\accident\277.mp4,1
dataset_compressed\accident\278.mp4,1
dataset_compressed\accident\279.mp4,1
dataset_compressed\accident\28.mp4,1
dataset_compressed\accident\280.mp4,1
dataset_compressed\accident\281.mp4,1
dataset_compressed\accident\282.mp4,1
dataset_compressed\accident\283.mp4,1
dataset_compressed\accident\284.mp4,1
dataset_compressed\accident\285.mp4,1
dataset_compressed\accident\29.mp4,1
dataset_compressed\accident\3.mp4,1
dataset_compressed\accident\30.mp4,1
dataset_compressed\accident\31.mp4,1
dataset_compressed\accident\32.mp4,1
dataset_compressed\accident\33.mp4,1
dataset_compressed\accident\34.mp4,1
dataset_compressed\accident\35.mp4,1
dataset_compressed\accident\36.mp4,1
dataset_compressed\accident\37.mp4,1
dataset_compressed\accident\38.mp4,1
dataset_compressed\accident\39.mp4,1
dataset_compressed\accident\40.mp4,1
dataset_compressed\accident\41.mp4,1
dataset_compressed\accident\42.mp4,1
dataset_compressed\accident\43.mp4,1
dataset_compressed\accident\44.mp4,1
dataset_compressed\accident\45.mp4,1
dataset_compressed\accident\46.mp4,1
dataset_compressed\accident\47.mp4,1
dataset_compressed\accident\48.mp4,1
dataset_compressed\accident\49.mp4,1
dataset_compressed\accident\5.mp4,1
dataset_compressed\accident\50.mp4,1
dataset_compressed\accident\51.mp4,1
dataset_compressed\accident\52.mp4,1
dataset_compressed\accident\53.mp4,1
dataset_compressed\accident\54.mp4,1
dataset_compressed\accident\55.mp4,1
dataset_compressed\accident\56.mp4,1
dataset_compressed\accident\57.mp4,1
dataset_compressed\accident\58.mp4,1
dataset_compressed\accident\59.mp4,1
dataset_compressed\accident\6.mp4,1
dataset_compressed\accident\60.mp4,1
dataset_compressed\accident\61.mp4,1
dataset_compressed\accident\62.mp4,1
dataset_compressed\accident\63.mp4,1
dataset_compressed\accident\64.mp4,1
dataset_compressed\accident\65.mp4,1
dataset_compressed\accident\66.mp4,1
dataset_compressed\accident\67.mp4,1
dataset_compressed\accident\68.mp4,1
dataset_compressed\accident\69.mp4,1
dataset_compressed\accident\7.mp4,1
dataset_compressed\accident\70.mp4,1
dataset_compressed\accident\71.mp4,1
dataset_compressed\accident\72.mp4,1
dataset_compressed\accident\73.mp4,1
dataset_compressed\accident\74.mp4,1
dataset_compressed\accident\75.mp4,1
dataset_compressed\accident\76.mp4,1
dataset_compressed\accident\77.mp4,1
dataset_compressed\accident\78.mp4,1
dataset_compressed\accident\79.mp4,1
dataset_compressed\accident\8.mp4,1
dataset_compressed\accident\80.mp4,1
dataset_compressed\accident\81.mp4,1
dataset_compressed\accident\82.mp4,1
dataset_compressed\accident\83.mp4,1
dataset_compressed\accident\84.mp4,1
dataset_compressed\accident\85.mp4,1
dataset_compressed\accident\86.mp4,1
dataset_compressed\accident\87.mp4,1
dataset_compressed\accident\88.mp4,1
dataset_compressed\accident\89.mp4,1
dataset_compressed\accident\9.mp4,1
dataset_compressed\accident\90.mp4,1
dataset_compressed\accident\91.mp4,1
dataset_compressed\accident\92.mp4,1
dataset_compressed\accident\93.mp4,1
dataset_compressed\accident\94.mp4,1
dataset_compressed\accident\95.mp4,1
dataset_compressed\accident\96.mp4,1
dataset_compressed\accident\97.mp4,1
dataset_compressed\accident\98.mp4,1
dataset_compressed\accident\99.mp4,1
dataset_compressed\accident\accident12.mp4,1
dataset_compressed\accident\accident2.mp4,1
dataset_compressed\accident\accident5-1.mp4,1
dataset_compressed\accident\accident9.mp4,1
dataset_compressed\accident\video1.mp4,1
dataset_compressed\accident\video102.mp4,1
dataset_compressed\accident\video104.mp4,1
dataset_compressed\accident\video105.mp4,1
dataset_compressed\accident\video106.mp4,1
dataset_compressed\accident\video107.mp4,1
dataset_compressed\accident\video108.mp4,1
dataset_compressed\accident\video116.mp4,1
dataset_compressed\accident\video117.mp4,1
dataset_compressed\accident\video12.mp4,1
dataset_compressed\accident\video121.mp4,1
dataset_compressed\accident\video125_2.mp4,1
dataset_compressed\accident\video126.mp4,1
dataset_compressed\accident\video127.mp4,1
dataset_compressed\accident\video129.mp4,1
dataset_compressed\accident\video13.mp4,1
dataset_compressed\accident\video130.mp4,1
dataset_compressed\accident\video135.mp4,1
dataset_compressed\accident\video136.mp4,1
dataset_compressed\accident\video137.mp4,1
dataset_compressed\accident\video138.mp4,1
dataset_compressed\accident\video139.mp4,1
dataset_compressed\accident\video140.mp4,1
dataset_compressed\accident\video143.mp4,1
dataset_compressed\accident\video144.mp4,1
dataset_compressed\accident\video145.mp4,1
dataset_compressed\accident\video147.mp4,1
dataset_compressed\accident\video148.mp4,1
dataset_compressed\accident\video15.mp4,1
dataset_compressed\accident\video151.mp4,1
dataset_compressed\accident\video152.mp4,1
dataset_compressed\accident\video159.mp4,1
dataset_compressed\accident\video16.mp4,1
dataset_compressed\accident\video162.mp4,1
dataset_compressed\accident\video163.mp4,1
dataset_compressed\accident\video165.mp4,1
dataset_compressed\accident\video168.mp4,1
dataset_compressed\accident\video171.mp4,1
dataset_compressed\accident\video177.mp4,1
dataset_compressed\accident\video178.mp4,1
dataset_compressed\accident\video18.mp4,1
dataset_compressed\accident\video180.mp4,1
dataset_compressed\accident\video181.mp4,1
dataset_compressed\accident\video184.mp4,1
dataset_compressed\accident\video188.mp4,1
dataset_compressed\accident\video192.mp4,1
dataset_compressed\accident\video193.mp4,1
dataset_compressed\accident\video198.mp4,1
dataset_compressed\accident\video199.mp4,1
dataset_compressed\accident\video2.mp4,1
dataset_compressed\accident\video200.mp4,1
dataset_compressed\accident\video202.mp4,1
dataset_compressed\accident\video206.mp4,1
dataset_compressed\accident\video207.mp4,1
dataset_compressed\accident\video21.mp4,1
dataset_compressed\accident\video22.mp4,1
dataset_compressed\accident\video24.mp4,1
dataset_compressed\accident\video26.mp4,1
dataset_compressed\accident\video27.mp4,1
dataset_compressed\accident\video30.mp4,1
dataset_compressed\accident\video33.mp4,1
dataset_compressed\accident\video4.mp4,1
dataset_compressed\accident\video42.mp4,1
dataset_compressed\accident\video43.mp4,1
dataset_compressed\accident\video44.mp4,1
dataset_compressed\accident\video47.mp4,1
dataset_compressed\accident\video5.mp4,1
dataset_compressed\accident\video51.mp4,1
dataset_compressed\accident\video52.mp4,1
dataset_compressed\accident\video54.mp4,1
dataset_compressed\accident\video56.mp4,1
dataset_compressed\accident\video57.mp4,1
dataset_compressed\accident\video60.mp4,1
dataset_compressed\accident\video61.mp4,1
dataset_compressed\accident\video62.mp4,1
dataset_compressed\accident\video67.mp4,1
dataset_compressed\accident\video68.mp4,1
dataset_compressed\accident\video69.mp4,1
dataset_compressed\accident\video70.mp4,1
dataset_compressed\accident\video71.mp4,1
dataset_compressed\accident\video72.mp4,1
dataset_compressed\accident\video74.mp4,1
dataset_compressed\accident\video75.mp4,1
dataset_compressed\accident\video79.mp4,1
dataset_compressed\accident\video80.mp4,1
dataset_compressed\accident\video81.mp4,1
dataset_compressed\accident\video83.mp4,1
dataset_compressed\accident\video85.mp4,1
dataset_compressed\accident\video87.mp4,1
dataset_compressed\accident\video89.mp4,1
dataset_compressed\accident\video91.mp4,1
dataset_compressed\accident\video92.mp4,1
dataset_compressed\accident\video93.mp4,1
dataset_compressed\accident\video94.mp4,1
dataset_compressed\accident\video97.mp4,1
dataset_compressed\accident\videox10_1.mp4,1
dataset_compressed\accident\videox12_1.mp4,1
dataset_compressed\accident\videox13_1.mp4,1
dataset_compressed\accident\videox14_1.mp4,1
dataset_compressed\accident\videox14_2.mp4,1
dataset_compressed\accident\videox14_3.mp4,1
dataset_compressed\accident\videox15_1.mp4,1
dataset_compressed\accident\videox16_2.mp4,1
dataset_compressed\accident\videox17_1.mp4,1
dataset_compressed\accident\videox19_1.mp4,1
dataset_compressed\accident\videox20_1.mp4,1
dataset_compressed\accident\videox22_1.mp4,1
dataset_compressed\accident\videox23_1.mp4,1
dataset_compressed\accident\videox24_1.mp4,1
dataset_compressed\accident\videox25_1.mp4,1
dataset_compressed\accident\videox2_1.mp4,1
dataset_compressed\accident\videox2_2.mp4,1
dataset_compressed\accident\videox30_1.mp4,1
dataset_compressed\accident\videox32_1.mp4,1
dataset_compressed\accident\videox32_2.mp4,1
dataset_compressed\accident\videox33_1.mp4,1
dataset_compressed\accident\videox3_1.mp4,1
dataset_compressed\accident\videox3_2.mp4,1
dataset_compressed\accident\videox4_2.mp4,1
dataset_compressed\accident\videox6_1.mp4,1
dataset_compressed\accident\videox6_2.mp4,1
dataset_compressed\accident\videox6_3.mp4,1
dataset_compressed\accident\videox7_1.mp4,1
dataset_compressed\accident\videox7_2.mp4,1
dataset_compressed\accident\videox7_3.mp4,1
dataset_compressed\accident\videox7_4.mp4,1
dataset_compressed\accident\videox8_1.mp4,1
dataset_compressed\accident\videox8_2.mp4,1
dataset_compressed\accident\videox9_2.mp4,1
dataset_compressed\accident\videox9_3.mp4,1
dataset_compressed\accident\videox_test_T1.mp4,1
dataset_compressed\accident\videox_test_T10.mp4,1
dataset_compressed\accident\videox_test_T11.mp4,1
dataset_compressed\accident\videox_test_T12.mp4,1
dataset_compressed\accident\videox_test_T14.mp4,1
dataset_compressed\accident\videox_test_T15.mp4,1
dataset_compressed\accident\videox_test_T2.mp4,1
dataset_compressed\accident\videox_test_T3.mp4,1
dataset_compressed\accident\videox_test_T6.mp4,1
dataset_compressed\accident\videox_test_T7.mp4,1
dataset_compressed\accident\videox_test_T8.mp4,1
dataset_compressed\accident\videox_test_T9.mp4,1
dataset_compressed\normal\1000.mp4,0
dataset_compressed\normal\1001.mp4,0
dataset_compressed\normal\1002.mp4,0
dataset_compressed\normal\1003.mp4,0
dataset_compressed\normal\1004.mp4,0
dataset_compressed\normal\1005.mp4,0
dataset_compressed\normal\1006.mp4,0
dataset_compressed\normal\1007.mp4,0
dataset_compressed\normal\1008.mp4,0
dataset_compressed\normal\1009.mp4,0
dataset_compressed\normal\1010.mp4,0
dataset_compressed\normal\1011.mp4,0
dataset_compressed\normal\1012.mp4,0
dataset_compressed\normal\1013.mp4,0
dataset_compressed\normal\1014.mp4,0
dataset_compressed\normal\1015.mp4,0
dataset_compressed\normal\1016.mp4,0
dataset_compressed\normal\1017.mp4,0
dataset_compressed\normal\1018.mp4,0
dataset_compressed\normal\1019.mp4,0
dataset_compressed\normal\1020.mp4,0
dataset_compressed\normal\1021.mp4,0
dataset_compressed\normal\1022.mp4,0
dataset_compressed\normal\1023.mp4,0
dataset_compressed\normal\1024.mp4,0
dataset_compressed\normal\1025.mp4,0
dataset_compressed\normal\1026.mp4,0
dataset_compressed\normal\1027.mp4,0
dataset_compressed\normal\1028.mp4,0
dataset_compressed\normal\1029.mp4,0
dataset_compressed\normal\1030.mp4,0
dataset_compressed\normal\1031.mp4,0
dataset_compressed\normal\1032.mp4,0
dataset_compressed\normal\1033.mp4,0
dataset_compressed\normal\1034.mp4,0
dataset_compressed\normal\1035.mp4,0
dataset_compressed\normal\1036.mp4,0
dataset_compressed\normal\1037.mp4,0
dataset_compressed\normal\1038.mp4,0
dataset_compressed\normal\1039.mp4,0
dataset_compressed\normal\1040.mp4,0
dataset_compressed\normal\1041.mp4,0
dataset_compressed\normal\1042.mp4,0
dataset_compressed\normal\1043.mp4,0
dataset_compressed\normal\1044.mp4,0
dataset_compressed\normal\1045.mp4,0
dataset_compressed\normal\1046.mp4,0
dataset_compressed\normal\1047.mp4,0
dataset_compressed\normal\1048.mp4,0
dataset_compressed\normal\1049.mp4,0
dataset_compressed\normal\1050.mp4,0
dataset_compressed\normal\1051.mp4,0
dataset_compressed\normal\1052.mp4,0
dataset_compressed\normal\1053.mp4,0
dataset_compressed\normal\1054.mp4,0
dataset_compressed\normal\1055.mp4,0
dataset_compressed\normal\1056.mp4,0
dataset_compressed\normal\1057.mp4,0
dataset_compressed\normal\1058.mp4,0
dataset_compressed\normal\1059.mp4,0
dataset_compressed\normal\1060.mp4,0
dataset_compressed\normal\1061.mp4,0
dataset_compressed\normal\1062.mp4,0
dataset_compressed\normal\1063.mp4,0
dataset_compressed\normal\1064.mp4,0
dataset_compressed\normal\1065.mp4,0
dataset_compressed\normal\1066.mp4,0
dataset_compressed\normal\1067.mp4,0
dataset_compressed\normal\1068.mp4,0
dataset_compressed\normal\1069.mp4,0
dataset_compressed\normal\1070.mp4,0
dataset_compressed\normal\1071.mp4,0
dataset_compressed\normal\1072.mp4,0
dataset_compressed\normal\1073.mp4,0
dataset_compressed\normal\1074.mp4,0
dataset_compressed\normal\1075.mp4,0
dataset_compressed\normal\1076.mp4,0
dataset_compressed\normal\1077.mp4,0
dataset_compressed\normal\1078.mp4,0
dataset_compressed\normal\1079.mp4,0
dataset_compressed\normal\1080.mp4,0
dataset_compressed\normal\1081.mp4,0
dataset_compressed\normal\1082.mp4,0
dataset_compressed\normal\1083.mp4,0
dataset_compressed\normal\1084.mp4,0
dataset_compressed\normal\1085.mp4,0
dataset_compressed\normal\1086.mp4,0
dataset_compressed\normal\1087.mp4,0
dataset_compressed\normal\1088.mp4,0
dataset_compressed\normal\1089.mp4,0
dataset_compressed\normal\1090.mp4,0
dataset_compressed\normal\1091.mp4,0
dataset_compressed\normal\1092.mp4,0
dataset_compressed\normal\1093.mp4,0
dataset_compressed\normal\1094.mp4,0
dataset_compressed\normal\1095.mp4,0
dataset_compressed\normal\1096.mp4,0
dataset_compressed\normal\1097.mp4,0
dataset_compressed\normal\1098.mp4,0
dataset_compressed\normal\1099.mp4,0
dataset_compressed\normal\1100.mp4,0
dataset_compressed\normal\1101.mp4,0
dataset_compressed\normal\1102.mp4,0
dataset_compressed\normal\1103.mp4,0
dataset_compressed\normal\1104.mp4,0
dataset_compressed\normal\1105.mp4,0
dataset_compressed\normal\1106.mp4,0
dataset_compressed\normal\1107.mp4,0
dataset_compressed\normal\1108.mp4,0
dataset_compressed\normal\1109.mp4,0
dataset_compressed\normal\1110.mp4,0
dataset_compressed\normal\1111.mp4,0
dataset_compressed\normal\1112.mp4,0
dataset_compressed\normal\1113.mp4,0
dataset_compressed\normal\1114.mp4,0
dataset_compressed\normal\1115.mp4,0
dataset_compressed\normal\1116.mp4,0
dataset_compressed\normal\1117.mp4,0
dataset_compressed\normal\1118.mp4,0
dataset_compressed\normal\1119.mp4,0
dataset_compressed\normal\1120.mp4,0
dataset_compressed\normal\1121.mp4,0
dataset_compressed\normal\1122.mp4,0
dataset_compressed\normal\1123.mp4,0
dataset_compressed\normal\1124.mp4,0
dataset_compressed\normal\1125.mp4,0
dataset_compressed\normal\1126.mp4,0
dataset_compressed\normal\1127.mp4,0
dataset_compressed\normal\1128.mp4,0
dataset_compressed\normal\1129.mp4,0
dataset_compressed\normal\1130.mp4,0
dataset_compressed\normal\1131.mp4,0
dataset_compressed\normal\1132.mp4,0
dataset_compressed\normal\1133.mp4,0
dataset_compressed\normal\1134.mp4,0
dataset_compressed\normal\1135.mp4,0
dataset_compressed\normal\1136.mp4,0
dataset_compressed\normal\1137.mp4,0
dataset_compressed\normal\1138.mp4,0
dataset_compressed\normal\1139.mp4,0
dataset_compressed\normal\1140.mp4,0
dataset_compressed\normal\1141.mp4,0
dataset_compressed\normal\1142.mp4,0
dataset_compressed\normal\1143.mp4,0
dataset_compressed\normal\1144.mp4,0
dataset_compressed\normal\1145.mp4,0
dataset_compressed\normal\1146.mp4,0
dataset_compressed\normal\1147.mp4,0
dataset_compressed\normal\1148.mp4,0
dataset_compressed\normal\1149.mp4,0
dataset_compressed\normal\1150.mp4,0
dataset_compressed\normal\1151.mp4,0
dataset_compressed\normal\1152.mp4,0
dataset_compressed\normal\1153.mp4,0
dataset_compressed\normal\1154.mp4,0
dataset_compressed\normal\1155.mp4,0
dataset_compressed\normal\1156.mp4,0
dataset_compressed\normal\1157.mp4,0
dataset_compressed\normal\1158.mp4,0
dataset_compressed\normal\1159.mp4,0
dataset_compressed\normal\1160.mp4,0
dataset_compressed\normal\1161.mp4,0
dataset_compressed\normal\1162.mp4,0
dataset_compressed\normal\1163.mp4,0
dataset_compressed\normal\1164.mp4,0
dataset_compressed\normal\1165.mp4,0
dataset_compressed\normal\1166.mp4,0
dataset_compressed\normal\1167.mp4,0
dataset_compressed\normal\1168.mp4,0
dataset_compressed\normal\1169.mp4,0
dataset_compressed\normal\1170.mp4,0
dataset_compressed\normal\1171.mp4,0
dataset_compressed\normal\1172.mp4,0
dataset_compressed\normal\1173.mp4,0
dataset_compressed\normal\1174.mp4,0
dataset_compressed\normal\1175.mp4,0
dataset_compressed\normal\1176.mp4,0
dataset_compressed\normal\1177.mp4,0
dataset_compressed\normal\1178.mp4,0
dataset_compressed\normal\1179.mp4,0
dataset_compressed\normal\1180.mp4,0
dataset_compressed\normal\1181.mp4,0
dataset_compressed\normal\1182.mp4,0
dataset_compressed\normal\1183.mp4,0
dataset_compressed\normal\1184.mp4,0
dataset_compressed\normal\1185.mp4,0
dataset_compressed\normal\1186.mp4,0
dataset_compressed\normal\1187.mp4,0
dataset_compressed\normal\1188.mp4,0
dataset_compressed\normal\1189.mp4,0
dataset_compressed\normal\1190.mp4,0
dataset_compressed\normal\1191.mp4,0
dataset_compressed\normal\1192.mp4,0
dataset_compressed\normal\1193.mp4,0
dataset_compressed\normal\1194.mp4,0
dataset_compressed\normal\1195.mp4,0
dataset_compressed\normal\1196.mp4,0
dataset_compressed\normal\1197.mp4,0
dataset_compressed\normal\1198.mp4,0
dataset_compressed\normal\1199.mp4,0
dataset_compressed\normal\1200.mp4,0
dataset_compressed\normal\1201.mp4,0
dataset_compressed\normal\1202.mp4,0
dataset_compressed\normal\1203.mp4,0
dataset_compressed\normal\1204.mp4,0
dataset_compressed\normal\1205.mp4,0
dataset_compressed\normal\1206.mp4,0
dataset_compressed\normal\1207.mp4,0
dataset_compressed\normal\1208.mp4,0
dataset_compressed\normal\1209.mp4,0
dataset_compressed\normal\1210.mp4,0
dataset_compressed\normal\1211.mp4,0
dataset_compressed\normal\1212.mp4,0
dataset_compressed\normal\1213.mp4,0
dataset_compressed\normal\1214.mp4,0
dataset_compressed\normal\1215.mp4,0
dataset_compressed\normal\1216.mp4,0
dataset_compressed\normal\1217.mp4,0
dataset_compressed\normal\1218.mp4,0
dataset_compressed\normal\1219.mp4,0
dataset_compressed\normal\1220.mp4,0
dataset_compressed\normal\1221.mp4,0
dataset_compressed\normal\1222.mp4,0
dataset_compressed\normal\1223.mp4,0
dataset_compressed\normal\1224.mp4,0
dataset_compressed\normal\1225.mp4,0
dataset_compressed\normal\1226.mp4,0
dataset_compressed\normal\1227.mp4,0
dataset_compressed\normal\1228.mp4,0
dataset_compressed\normal\1229.mp4,0
dataset_compressed\normal\1230.mp4,0
dataset_compressed\normal\1231.mp4,0
dataset_compressed\normal\1232.mp4,0
dataset_compressed\normal\1233.mp4,0
dataset_compressed\normal\1234.mp4,0
dataset_compressed\normal\1235.mp4,0
dataset_compressed\normal\1236.mp4,0
dataset_compressed\normal\1237.mp4,0
dataset_compressed\normal\1238.mp4,0
dataset_compressed\normal\1239.mp4,0
dataset_compressed\normal\1240.mp4,0
dataset_compressed\normal\1241.mp4,0
dataset_compressed\normal\1242.mp4,0
dataset_compressed\normal\1243.mp4,0
dataset_compressed\normal\1244.mp4,0
dataset_compressed\normal\1245.mp4,0
dataset_compressed\normal\1246.mp4,0
dataset_compressed\normal\1247.mp4,0
dataset_compressed\normal\1248.mp4,0
dataset_compressed\normal\1249.mp4,0
dataset_compressed\normal\1250.mp4,0
dataset_compressed\normal\1251.mp4,0
dataset_compressed\normal\1252.mp4,0
dataset_compressed\normal\1253.mp4,0
dataset_compressed\normal\1254.mp4,0
dataset_compressed\normal\1255.mp4,0
dataset_compressed\normal\1256.mp4,0
dataset_compressed\normal\1257.mp4,0
dataset_compressed\normal\1258.mp4,0
dataset_compressed\normal\1259.mp4,0
dataset_compressed\normal\1260.mp4,0
dataset_compressed\normal\1261.mp4,0
dataset_compressed\normal\1262.mp4,0
dataset_compressed\normal\1263.mp4,0
dataset_compressed\normal\1264.mp4,0
dataset_compressed\normal\1265.mp4,0
dataset_compressed\normal\1266.mp4,0
dataset_compressed\normal\1267.mp4,0
dataset_compressed\normal\1268.mp4,0
dataset_compressed\normal\1269.mp4,0
dataset_compressed\normal\1270.mp4,0
dataset_compressed\normal\1271.mp4,0
dataset_compressed\normal\1272.mp4,0
dataset_compressed\normal\1273.mp4,0
dataset_compressed\normal\1274.mp4,0
dataset_compressed\normal\1275.mp4,0
dataset_compressed\normal\1276.mp4,0
dataset_compressed\normal\1277.mp4,0
dataset_compressed\normal\1278.mp4,0
dataset_compressed\normal\1279.mp4,0
dataset_compressed\normal\1280.mp4,0
dataset_compressed\normal\1281.mp4,0
dataset_compressed\normal\1282.mp4,0
dataset_compressed\normal\1283.mp4,0
dataset_compressed\normal\1284.mp4,0
dataset_compressed\normal\1285.mp4,0
dataset_compressed\normal\1286.mp4,0
dataset_compressed\normal\1287.mp4,0
dataset_compressed\normal\1288.mp4,0
dataset_compressed\normal\1289.mp4,0
dataset_compressed\normal\1290.mp4,0
dataset_compressed\normal\1291.mp4,0
dataset_compressed\normal\1292.mp4,0
dataset_compressed\normal\1293.mp4,0
dataset_compressed\normal\1294.mp4,0
dataset_compressed\normal\1295.mp4,0
dataset_compressed\normal\1296.mp4,0
dataset_compressed\normal\1297.mp4,0
dataset_compressed\normal\1298.mp4,0
dataset_compressed\normal\1299.mp4,0
dataset_compressed\normal\1300.mp4,0
dataset_compressed\normal\1301.mp4,0
dataset_compressed\normal\1302.mp4,0
dataset_compressed\normal\1303.mp4,0
dataset_compressed\normal\1304.mp4,0
dataset_compressed\normal\1305.mp4,0
dataset_compressed\normal\1306.mp4,0
dataset_compressed\normal\1307.mp4,0
dataset_compressed\normal\1308.mp4,0
dataset_compressed\normal\1309.mp4,0
dataset_compressed\normal\1310.mp4,0
dataset_compressed\normal\1311.mp4,0
dataset_compressed\normal\1312.mp4,0
dataset_compressed\normal\1313.mp4,0
dataset_compressed\normal\1314.mp4,0
dataset_compressed\normal\1315.mp4,0
dataset_compressed\normal\1316.mp4,0
dataset_compressed\normal\1317.mp4,0
dataset_compressed\normal\1318.mp4,0
dataset_compressed\normal\1319.mp4,0
dataset_compressed\normal\1320.mp4,0
dataset_compressed\normal\1321.mp4,0
dataset_compressed\normal\1322.mp4,0
dataset_compressed\normal\1323.mp4,0
dataset_compressed\normal\1324.mp4,0
dataset_compressed\normal\1325.mp4,0
dataset_compressed\normal\1326.mp4,0
dataset_compressed\normal\1327.mp4,0
dataset_compressed\normal\1328.mp4,0
dataset_compressed\normal\1329.mp4,0
dataset_compressed\normal\1330.mp4,0
dataset_compressed\normal\1331.mp4,0
dataset_compressed\normal\1332.mp4,0
dataset_compressed\normal\1333.mp4,0
dataset_compressed\normal\1334.mp4,0
dataset_compressed\normal\1335.mp4,0
dataset_compressed\normal\1336.mp4,0
dataset_compressed\normal\1337.mp4,0
dataset_compressed\normal\1338.mp4,0
dataset_compressed\normal\1339.mp4,0
dataset_compressed\normal\1340.mp4,0
dataset_compressed\normal\1341.mp4,0
dataset_compressed\normal\1342.mp4,0
dataset_compressed\normal\1343.mp4,0
dataset_compressed\normal\1344.mp4,0
dataset_compressed\normal\1345.mp4,0
dataset_compressed\normal\1346.mp4,0
dataset_compressed\normal\1347.mp4,0
dataset_compressed\normal\1348.mp4,0
dataset_compressed\normal\1349.mp4,0
dataset_compressed\normal\1350.mp4,0
dataset_compressed\normal\1351.mp4,0
dataset_compressed\normal\1352.mp4,0
dataset_compressed\normal\1353.mp4,0
dataset_compressed\normal\1354.mp4,0
dataset_compressed\normal\1355.mp4,0
dataset_compressed\normal\1356.mp4,0
dataset_compressed\normal\1357.mp4,0
dataset_compressed\normal\1358.mp4,0
dataset_compressed\normal\1359.mp4,0
dataset_compressed\normal\1360.mp4,0
dataset_compressed\normal\1361.mp4,0
dataset_compressed\normal\1362.mp4,0
dataset_compressed\normal\1363.mp4,0
dataset_compressed\normal\1364.mp4,0
dataset_compressed\normal\1365.mp4,0
dataset_compressed\normal\1366.mp4,0
dataset_compressed\normal\1367.mp4,0
dataset_compressed\normal\1368.mp4,0
dataset_compressed\normal\1369.mp4,0
dataset_compressed\normal\1370.mp4,0
dataset_compressed\normal\1371.mp4,0
dataset_compressed\normal\1372.mp4,0
dataset_compressed\normal\1373.mp4,0
dataset_compressed\normal\1374.mp4,0
dataset_compressed\normal\1375.mp4,0
dataset_compressed\normal\1376.mp4,0
dataset_compressed\normal\1377.mp4,0
dataset_compressed\normal\1378.mp4,0
dataset_compressed\normal\1379.mp4,0
dataset_compressed\normal\1380.mp4,0
dataset_compressed\normal\1381.mp4,0
dataset_compressed\normal\1382.mp4,0
dataset_compressed\normal\1383.mp4,0
dataset_compressed\normal\1384.mp4,0
dataset_compressed\normal\1385.mp4,0
dataset_compressed\normal\1386.mp4,0
dataset_compressed\normal\1387.mp4,0
dataset_compressed\normal\1388.mp4,0
dataset_compressed\normal\1389.mp4,0
dataset_compressed\normal\1390.mp4,0
dataset_compressed\normal\1391.mp4,0
dataset_compressed\normal\1392.mp4,0
dataset_compressed\normal\1393.mp4,0
dataset_compressed\normal\1394.mp4,0
dataset_compressed\normal\1395.mp4,0
dataset_compressed\normal\1396.mp4,0
dataset_compressed\normal\1397.mp4,0
dataset_compressed\normal\1398.mp4,0
dataset_compressed\normal\1399.mp4,0
dataset_compressed\normal\1400.mp4,0
dataset_compressed\normal\1401.mp4,0
dataset_compressed\normal\1402.mp4,0
dataset_compressed\normal\1403.mp4,0
dataset_compressed\normal\1404.mp4,0
dataset_compressed\normal\1405.mp4,0
dataset_compressed\normal\1406.mp4,0
dataset_compressed\normal\1407.mp4,0
dataset_compressed\normal\1408.mp4,0
dataset_compressed\normal\1409.mp4,0
dataset_compressed\normal\1410.mp4,0
dataset_compressed\normal\1411.mp4,0
dataset_compressed\normal\1412.mp4,0
dataset_compressed\normal\1413.mp4,0
dataset_compressed\normal\1414.mp4,0
dataset_compressed\normal\1415.mp4,0
dataset_compressed\normal\1416.mp4,0
dataset_compressed\normal\1417.mp4,0
dataset_compressed\normal\1418.mp4,0
dataset_compressed\normal\1419.mp4,0
dataset_compressed\normal\1420.mp4,0
dataset_compressed\normal\1421.mp4,0
dataset_compressed\normal\1422.mp4,0
dataset_compressed\normal\1423.mp4,0
dataset_compressed\normal\1424.mp4,0
dataset_compressed\normal\1425.mp4,0
dataset_compressed\normal\1426.mp4,0
dataset_compressed\normal\1427.mp4,0
dataset_compressed\normal\1428.mp4,0
dataset_compressed\normal\1429.mp4,0
dataset_compressed\normal\1430.mp4,0
dataset_compressed\normal\1431.mp4,0
dataset_compressed\normal\1432.mp4,0
dataset_compressed\normal\1433.mp4,0
dataset_compressed\normal\1434.mp4,0
dataset_compressed\normal\1435.mp4,0
dataset_compressed\normal\1436.mp4,0
dataset_compressed\normal\1437.mp4,0
dataset_compressed\normal\1438.mp4,0
dataset_compressed\normal\1439.mp4,0
dataset_compressed\normal\1440.mp4,0
dataset_compressed\normal\1441.mp4,0
dataset_compressed\normal\1442.mp4,0
dataset_compressed\normal\1443.mp4,0
dataset_compressed\normal\1444.mp4,0
dataset_compressed\normal\1445.mp4,0
dataset_compressed\normal\1446.mp4,0
dataset_compressed\normal\1447.mp4,0
dataset_compressed\normal\1448.mp4,0
dataset_compressed\normal\1449.mp4,0
dataset_compressed\normal\1450.mp4,0
dataset_compressed\normal\1451.mp4,0
dataset_compressed\normal\1452.mp4,0
dataset_compressed\normal\1453.mp4,0
dataset_compressed\normal\1454.mp4,0
dataset_compressed\normal\1455.mp4,0
dataset_compressed\normal\1456.mp4,0
dataset_compressed\normal\1457.mp4,0
dataset_compressed\normal\1458.mp4,0
dataset_compressed\normal\1459.mp4,0
dataset_compressed\normal\1460.mp4,0
dataset_compressed\normal\1461.mp4,0
dataset_compressed\normal\1462.mp4,0
dataset_compressed\normal\1463.mp4,0
dataset_compressed\normal\1464.mp4,0
dataset_compressed\normal\1465.mp4,0
dataset_compressed\normal\1466.mp4,0
dataset_compressed\normal\1467.mp4,0
dataset_compressed\normal\1468.mp4,0
dataset_compressed\normal\1469.mp4,0
dataset_compressed\normal\1470.mp4,0
dataset_compressed\normal\1471.mp4,0
dataset_compressed\normal\1472.mp4,0
dataset_compressed\normal\1473.mp4,0
dataset_compressed\normal\1474.mp4,0
dataset_compressed\normal\1475.mp4,0
dataset_compressed\normal\1476.mp4,0
dataset_compressed\normal\1477.mp4,0
dataset_compressed\normal\1478.mp4,0
dataset_compressed\normal\1479.mp4,0
dataset_compressed\normal\1480.mp4,0
dataset_compressed\normal\1481.mp4,0
dataset_compressed\normal\1482.mp4,0
dataset_compressed\normal\1484.mp4,0
dataset_compressed\normal\1485.mp4,0
dataset_compressed\normal\1486.mp4,0
dataset_compressed\normal\1487.mp4,0
dataset_compressed\normal\1488.mp4,0
dataset_compressed\normal\1489.mp4,0
dataset_compressed\normal\1490.mp4,0
dataset_compressed\normal\1491.mp4,0
dataset_compressed\normal\1492.mp4,0
dataset_compressed\normal\1493.mp4,0
dataset_compressed\normal\1494.mp4,0
dataset_compressed\normal\1495.mp4,0
dataset_compressed\normal\1496.mp4,0
dataset_compressed\normal\1497.mp4,0
dataset_compressed\normal\1498.mp4,0
dataset_compressed\normal\1499.mp4,0
dataset_compressed\normal\1500.mp4,0
dataset_compressed\normal\1501.mp4,0
dataset_compressed\normal\1502.mp4,0
dataset_compressed\normal\1503.mp4,0
dataset_compressed\normal\1504.mp4,0
dataset_compressed\normal\1505.mp4,0
dataset_compressed\normal\1506.mp4,0
dataset_compressed\normal\1507.mp4,0
dataset_compressed\normal\1508.mp4,0
dataset_compressed\normal\1509.mp4,0
dataset_compressed\normal\1510.mp4,0
dataset_compressed\normal\1511.mp4,0
dataset_compressed\normal\1512.mp4,0
dataset_compressed\normal\1513.mp4,0
dataset_compressed\normal\1514.mp4,0
dataset_compressed\normal\1515.mp4,0
dataset_compressed\normal\1516.mp4,0
dataset_compressed\normal\1517.mp4,0
dataset_compressed\normal\1518.mp4,0
dataset_compressed\normal\1519.mp4,0
dataset_compressed\normal\1520.mp4,0
dataset_compressed\normal\1521.mp4,0
dataset_compressed\normal\1522.mp4,0
dataset_compressed\normal\1523.mp4,0
dataset_compressed\normal\1524.mp4,0
dataset_compressed\normal\1525.mp4,0
dataset_compressed\normal\1526.mp4,0
dataset_compressed\normal\1527.mp4,0
dataset_compressed\normal\1528.mp4,0
dataset_compressed\normal\1529.mp4,0
dataset_compressed\normal\1530.mp4,0
dataset_compressed\normal\1531.mp4,0
dataset_compressed\normal\1532.mp4,0
dataset_compressed\normal\1533.mp4,0
dataset_compressed\normal\1534.mp4,0
dataset_compressed\normal\1535.mp4,0
dataset_compressed\normal\1536.mp4,0
dataset_compressed\normal\1537.mp4,0
dataset_compressed\normal\1538.mp4,0
dataset_compressed\normal\1539.mp4,0
dataset_compressed\normal\1540.mp4,0
dataset_compressed\normal\1541.mp4,0
dataset_compressed\normal\1542.mp4,0
dataset_compressed\normal\1543.mp4,0
dataset_compressed\normal\1544.mp4,0
dataset_compressed\normal\1545.mp4,0
dataset_compressed\normal\1546.mp4,0
dataset_compressed\normal\1547.mp4,0
dataset_compressed\normal\1548.mp4,0
dataset_compressed\normal\1549.mp4,0
dataset_compressed\normal\1550.mp4,0
dataset_compressed\normal\1551.mp4,0
dataset_compressed\normal\1552.mp4,0
dataset_compressed\normal\1553.mp4,0
dataset_compressed\normal\1554.mp4,0
dataset_compressed\normal\1555.mp4,0
dataset_compressed\normal\1556.mp4,0
dataset_compressed\normal\1557.mp4,0
dataset_compressed\normal\1558.mp4,0
dataset_compressed\normal\1559.mp4,0
dataset_compressed\normal\1560.mp4,0
dataset_compressed\normal\1561.mp4,0
dataset_compressed\normal\1562.mp4,0
dataset_compressed\normal\1563.mp4,0
dataset_compressed\normal\1564.mp4,0
dataset_compressed\normal\1565.mp4,0
dataset_compressed\normal\1566.mp4,0
dataset_compressed\normal\1567.mp4,0
dataset_compressed\normal\1568.mp4,0
dataset_compressed\normal\1569.mp4,0
dataset_compressed\normal\1570.mp4,0
dataset_compressed\normal\1571.mp4,0
dataset_compressed\normal\1572.mp4,0
dataset_compressed\normal\1573.mp4,0
dataset_compressed\normal\1574.mp4,0
dataset_compressed\normal\1575.mp4,0
dataset_compressed\normal\1576.mp4,0
dataset_compressed\normal\1577.mp4,0
dataset_compressed\normal\1578.mp4,0
dataset_compressed\normal\1579.mp4,0
dataset_compressed\normal\1580.mp4,0
dataset_compressed\normal\1581.mp4,0
dataset_compressed\normal\1582.mp4,0
dataset_compressed\normal\1583.mp4,0
dataset_compressed\normal\1584.mp4,0
dataset_compressed\normal\1585.mp4,0
dataset_compressed\normal\1586.mp4,0
dataset_compressed\normal\1587.mp4,0
dataset_compressed\normal\1588.mp4,0
dataset_compressed\normal\1589.mp4,0
dataset_compressed\normal\1590.mp4,0
dataset_compressed\normal\1591.mp4,0
dataset_compressed\normal\1592.mp4,0
dataset_compressed\normal\1593.mp4,0
dataset_compressed\normal\1594.mp4,0
dataset_compressed\normal\1595.mp4,0
dataset_compressed\normal\1596.mp4,0
dataset_compressed\normal\1597.mp4,0
dataset_compressed\normal\1598.mp4,0
dataset_compressed\normal\1599.mp4,0
dataset_compressed\normal\1600.mp4,0
dataset_compressed\normal\1601.mp4,0
dataset_compressed\normal\1602.mp4,0
dataset_compressed\normal\1603.mp4,0
dataset_compressed\normal\1604.mp4,0
dataset_compressed\normal\1605.mp4,0
dataset_compressed\normal\1606.mp4,0
dataset_compressed\normal\1607.mp4,0
dataset_compressed\normal\1608.mp4,0
dataset_compressed\normal\1609.mp4,0
dataset_compressed\normal\1610.mp4,0
dataset_compressed\normal\1611.mp4,0
dataset_compressed\normal\1612.mp4,0
dataset_compressed\normal\1613.mp4,0
dataset_compressed\normal\1614.mp4,0
dataset_compressed\normal\1615.mp4,0
dataset_compressed\normal\1616.mp4,0
dataset_compressed\normal\1617.mp4,0
dataset_compressed\normal\1618.mp4,0
dataset_compressed\normal\1619.mp4,0
dataset_compressed\normal\1620.mp4,0
dataset_compressed\normal\1621.mp4,0
dataset_compressed\normal\1622.mp4,0
dataset_compressed\normal\1623.mp4,0
dataset_compressed\normal\1624.mp4,0
dataset_compressed\normal\1625.mp4,0
dataset_compressed\normal\1626.mp4,0
dataset_compressed\normal\1627.mp4,0
dataset_compressed\normal\1628.mp4,0
dataset_compressed\normal\1629.mp4,0
dataset_compressed\normal\1630.mp4,0
dataset_compressed\normal\1631.mp4,0
dataset_compressed\normal\1632.mp4,0
dataset_compressed\normal\1633.mp4,0
dataset_compressed\normal\1634.mp4,0
dataset_compressed\normal\1635.mp4,0
dataset_compressed\normal\1636.mp4,0
dataset_compressed\normal\1637.mp4,0
dataset_compressed\normal\1638.mp4,0
dataset_compressed\normal\1639.mp4,0
dataset_compressed\normal\1640.mp4,0
dataset_compressed\normal\1641.mp4,0
dataset_compressed\normal\1642.mp4,0
dataset_compressed\normal\1643.mp4,0
dataset_compressed\normal\1644.mp4,0
dataset_compressed\normal\1645.mp4,0
dataset_compressed\normal\1646.mp4,0
dataset_compressed\normal\1647.mp4,0
dataset_compressed\normal\1648.mp4,0
dataset_compressed\normal\1649.mp4,0
dataset_compressed\normal\1650.mp4,0
dataset_compressed\normal\1651.mp4,0
dataset_compressed\normal\1652.mp4,0
dataset_compressed\normal\1653.mp4,0
dataset_compressed\normal\1654.mp4,0
dataset_compressed\normal\1655.mp4,0
dataset_compressed\normal\1656.mp4,0
dataset_compressed\normal\1657.mp4,0
dataset_compressed\normal\1658.mp4,0
dataset_compressed\normal\1659.mp4,0
dataset_compressed\normal\1660.mp4,0
dataset_compressed\normal\1661.mp4,0
dataset_compressed\normal\1662.mp4,0
dataset_compressed\normal\1663.mp4,0
dataset_compressed\normal\1664.mp4,0
dataset_compressed\normal\1665.mp4,0
dataset_compressed\normal\1666.mp4,0
dataset_compressed\normal\1667.mp4,0
dataset_compressed\normal\1668.mp4,0
dataset_compressed\normal\1669.mp4,0
dataset_compressed\normal\1670.mp4,0
dataset_compressed\normal\1671.mp4,0
dataset_compressed\normal\1672.mp4,0
dataset_compressed\normal\1673.mp4,0
dataset_compressed\normal\1674.mp4,0
dataset_compressed\normal\1675.mp4,0
dataset_compressed\normal\1676.mp4,0
dataset_compressed\normal\1677.mp4,0
dataset_compressed\normal\1678.mp4,0
dataset_compressed\normal\1679.mp4,0
dataset_compressed\normal\1680.mp4,0
dataset_compressed\normal\1681.mp4,0
dataset_compressed\normal\1682.mp4,0
dataset_compressed\normal\1683.mp4,0
dataset_compressed\normal\1684.mp4,0
dataset_compressed\normal\1685.mp4,0
dataset_compressed\normal\1686.mp4,0
dataset_compressed\normal\1687.mp4,0
dataset_compressed\normal\1688.mp4,0
dataset_compressed\normal\1689.mp4,0
dataset_compressed\normal\1690.mp4,0
dataset_compressed\normal\1691.mp4,0
dataset_compressed\normal\1692.mp4,0
dataset_compressed\normal\1693.mp4,0
dataset_compressed\normal\1694.mp4,0
dataset_compressed\normal\1695.mp4,0
dataset_compressed\normal\1696.mp4,0
dataset_compressed\normal\1697.mp4,0
dataset_compressed\normal\1698.mp4,0
dataset_compressed\normal\1699.mp4,0
dataset_compressed\normal\1700.mp4,0
dataset_compressed\normal\1701.mp4,0
dataset_compressed\normal\1702.mp4,0
dataset_compressed\normal\1703.mp4,0
dataset_compressed\normal\1704.mp4,0
dataset_compressed\normal\1705.mp4,0
dataset_compressed\normal\1706.mp4,0
dataset_compressed\normal\1707.mp4,0
dataset_compressed\normal\1708.mp4,0
dataset_compressed\normal\1709.mp4,0
dataset_compressed\normal\1710.mp4,0
dataset_compressed\normal\1711.mp4,0
dataset_compressed\normal\1712.mp4,0
dataset_compressed\normal\1713.mp4,0
dataset_compressed\normal\1714.mp4,0
dataset_compressed\normal\1715.mp4,0
dataset_compressed\normal\1716.mp4,0
dataset_compressed\normal\1717.mp4,0
dataset_compressed\normal\1718.mp4,0
dataset_compressed\normal\1719.mp4,0
dataset_compressed\normal\1720.mp4,0
dataset_compressed\normal\1721.mp4,0
dataset_compressed\normal\1722.mp4,0
dataset_compressed\normal\1723.mp4,0
dataset_compressed\normal\1724.mp4,0
dataset_compressed\normal\1725.mp4,0
dataset_compressed\normal\1726.mp4,0
dataset_compressed\normal\1727.mp4,0
dataset_compressed\normal\1728.mp4,0
dataset_compressed\normal\1729.mp4,0
dataset_compressed\normal\1730.mp4,0
dataset_compressed\normal\1731.mp4,0
dataset_compressed\normal\1732.mp4,0
dataset_compressed\normal\1733.mp4,0
dataset_compressed\normal\1734.mp4,0
dataset_compressed\normal\1735.mp4,0
dataset_compressed\normal\1736.mp4,0
dataset_compressed\normal\1737.mp4,0
dataset_compressed\normal\1738.mp4,0
dataset_compressed\normal\1739.mp4,0
dataset_compressed\normal\1740.mp4,0
dataset_compressed\normal\1741.mp4,0
dataset_compressed\normal\1742.mp4,0
dataset_compressed\normal\1743.mp4,0
dataset_compressed\normal\1744.mp4,0
dataset_compressed\normal\1745.mp4,0
dataset_compressed\normal\1746.mp4,0
dataset_compressed\normal\1747.mp4,0
dataset_compressed\normal\1748.mp4,0
dataset_compressed\normal\1749.mp4,0
dataset_compressed\normal\1750.mp4,0
dataset_compressed\normal\1751.mp4,0
dataset_compressed\normal\1752.mp4,0
dataset_compressed\normal\1753.mp4,0
dataset_compressed\normal\1754.mp4,0
dataset_compressed\normal\1755.mp4,0
dataset_compressed\normal\1756.mp4,0
dataset_compressed\normal\1757.mp4,0
dataset_compressed\normal\1758.mp4,0
dataset_compressed\normal\1759.mp4,0
dataset_compressed\normal\1760.mp4,0
dataset_compressed\normal\1761.mp4,0
dataset_compressed\normal\1762.mp4,0
dataset_compressed\normal\1763.mp4,0
dataset_compressed\normal\1764.mp4,0
dataset_compressed\normal\1765.mp4,0
dataset_compressed\normal\1766.mp4,0
dataset_compressed\normal\1767.mp4,0
dataset_compressed\normal\1768.mp4,0
dataset_compressed\normal\1769.mp4,0
dataset_compressed\normal\1770.mp4,0
dataset_compressed\normal\1771.mp4,0
dataset_compressed\normal\1772.mp4,0
dataset_compressed\normal\1773.mp4,0
dataset_compressed\normal\1774.mp4,0
dataset_compressed\normal\1775.mp4,0
dataset_compressed\normal\1776.mp4,0
dataset_compressed\normal\1777.mp4,0
dataset_compressed\normal\1778.mp4,0
dataset_compressed\normal\1779.mp4,0
dataset_compressed\normal\1780.mp4,0
dataset_compressed\normal\1781.mp4,0
dataset_compressed\normal\1782.mp4,0
dataset_compressed\normal\1783.mp4,0
dataset_compressed\normal\1784.mp4,0
dataset_compressed\normal\1785.mp4,0
dataset_compressed\normal\1786.mp4,0
dataset_compressed\normal\1787.mp4,0
dataset_compressed\normal\1788.mp4,0
dataset_compressed\normal\1789.mp4,0
dataset_compressed\normal\1790.mp4,0
dataset_compressed\normal\1791.mp4,0
dataset_compressed\normal\1792.mp4,0
dataset_compressed\normal\1793.mp4,0
dataset_compressed\normal\1794.mp4,0
dataset_compressed\normal\1795.mp4,0
dataset_compressed\normal\1796.mp4,0
dataset_compressed\normal\1797.mp4,0
dataset_compressed\normal\1798.mp4,0
dataset_compressed\normal\1799.mp4,0
dataset_compressed\normal\1800.mp4,0
dataset_compressed\normal\1801.mp4,0
dataset_compressed\normal\1802.mp4,0
dataset_compressed\normal\1803.mp4,0
dataset_compressed\normal\1804.mp4,0
dataset_compressed\normal\1805.mp4,0
dataset_compressed\normal\1806.mp4,0
dataset_compressed\normal\1807.mp4,0
dataset_compressed\normal\1808.mp4,0
dataset_compressed\normal\1809.mp4,0
dataset_compressed\normal\1810.mp4,0
dataset_compressed\normal\1811.mp4,0
dataset_compressed\normal\1812.mp4,0
dataset_compressed\normal\1813.mp4,0
dataset_compressed\normal\1814.mp4,0
dataset_compressed\normal\1815.mp4,0
dataset_compressed\normal\1816.mp4,0
dataset_compressed\normal\1817.mp4,0
dataset_compressed\normal\1818.mp4,0
dataset_compressed\normal\1819.mp4,0
dataset_compressed\normal\1820.mp4,0
dataset_compressed\normal\1821.mp4,0
dataset_compressed\normal\1822.mp4,0
dataset_compressed\normal\1823.mp4,0
dataset_compressed\normal\1824.mp4,0
dataset_compressed\normal\1825.mp4,0
dataset_compressed\normal\1826.mp4,0
dataset_compressed\normal\1827.mp4,0
dataset_compressed\normal\1828.mp4,0
dataset_compressed\normal\1829.mp4,0
dataset_compressed\normal\1830.mp4,0
dataset_compressed\normal\1831.mp4,0
dataset_compressed\normal\1832.mp4,0
dataset_compressed\normal\1833.mp4,0
dataset_compressed\normal\1834.mp4,0
dataset_compressed\normal\1835.mp4,0
dataset_compressed\normal\1836.mp4,0
dataset_compressed\normal\1837.mp4,0
dataset_compressed\normal\1838.mp4,0
dataset_compressed\normal\1839.mp4,0
dataset_compressed\normal\1840.mp4,0
dataset_compressed\normal\1841.mp4,0
dataset_compressed\normal\1842.mp4,0
dataset_compressed\normal\1843.mp4,0
dataset_compressed\normal\1844.mp4,0
dataset_compressed\normal\1845.mp4,0
dataset_compressed\normal\1846.mp4,0
dataset_compressed\normal\1847.mp4,0
dataset_compressed\normal\1848.mp4,0
dataset_compressed\normal\1849.mp4,0
dataset_compressed\normal\1850.mp4,0
dataset_compressed\normal\1851.mp4,0
dataset_compressed\normal\1852.mp4,0
dataset_compressed\normal\1853.mp4,0
dataset_compressed\normal\1854.mp4,0
dataset_compressed\normal\1855.mp4,0
dataset_compressed\normal\1856.mp4,0
dataset_compressed\normal\1857.mp4,0
dataset_compressed\normal\1858.mp4,0
dataset_compressed\normal\1859.mp4,0
dataset_compressed\normal\1860.mp4,0
dataset_compressed\normal\1861.mp4,0
dataset_compressed\normal\1862.mp4,0
dataset_compressed\normal\1863.mp4,0
dataset_compressed\normal\1864.mp4,0
dataset_compressed\normal\1865.mp4,0
dataset_compressed\normal\1866.mp4,0
dataset_compressed\normal\1867.mp4,0
dataset_compressed\normal\1868.mp4,0
dataset_compressed\normal\1869.mp4,0
dataset_compressed\normal\1870.mp4,0
dataset_compressed\normal\1871.mp4,0
dataset_compressed\normal\1872.mp4,0
dataset_compressed\normal\1873.mp4,0
dataset_compressed\normal\1874.mp4,0
dataset_compressed\normal\1875.mp4,0
dataset_compressed\normal\1876.mp4,0
dataset_compressed\normal\1877.mp4,0
dataset_compressed\normal\1878.mp4,0
dataset_compressed\normal\1879.mp4,0
dataset_compressed\normal\1880.mp4,0
dataset_compressed\normal\1881.mp4,0
dataset_compressed\normal\1882.mp4,0
dataset_compressed\normal\1883.mp4,0
dataset_compressed\normal\1884.mp4,0
dataset_compressed\normal\1885.mp4,0
dataset_compressed\normal\1886.mp4,0
dataset_compressed\normal\1887.mp4,0
dataset_compressed\normal\1888.mp4,0
dataset_compressed\normal\1889.mp4,0
dataset_compressed\normal\1890.mp4,0
dataset_compressed\normal\1891.mp4,0
dataset_compressed\normal\1892.mp4,0
dataset_compressed\normal\1893.mp4,0
dataset_compressed\normal\1894.mp4,0
dataset_compressed\normal\1895.mp4,0
dataset_compressed\normal\1896.mp4,0
dataset_compressed\normal\1897.mp4,0
dataset_compressed\normal\1898.mp4,0
dataset_compressed\normal\1899.mp4,0
dataset_compressed\normal\1900.mp4,0
dataset_compressed\normal\1901.mp4,0
dataset_compressed\normal\1902.mp4,0
dataset_compressed\normal\1903.mp4,0
dataset_compressed\normal\1904.mp4,0
dataset_compressed\normal\1905.mp4,0
dataset_compressed\normal\1906.mp4,0
dataset_compressed\normal\1907.mp4,0
dataset_compressed\normal\1908.mp4,0
dataset_compressed\normal\1909.mp4,0
dataset_compressed\normal\1910.mp4,0
dataset_compressed\normal\1911.mp4,0
dataset_compressed\normal\1912.mp4,0
dataset_compressed\normal\1913.mp4,0
dataset_compressed\normal\1914.mp4,0
dataset_compressed\normal\1915.mp4,0
dataset_compressed\normal\1916.mp4,0
dataset_compressed\normal\1917.mp4,0
dataset_compressed\normal\1918.mp4,0
dataset_compressed\normal\1919.mp4,0
dataset_compressed\normal\1920.mp4,0
dataset_compressed\normal\1921.mp4,0
dataset_compressed\normal\1922.mp4,0
dataset_compressed\normal\1923.mp4,0
dataset_compressed\normal\1924.mp4,0
dataset_compressed\normal\1925.mp4,0
dataset_compressed\normal\1926.mp4,0
dataset_compressed\normal\1927.mp4,0
dataset_compressed\normal\1928.mp4,0
dataset_compressed\normal\1929.mp4,0
dataset_compressed\normal\1930.mp4,0
dataset_compressed\normal\1931.mp4,0
dataset_compressed\normal\1932.mp4,0
dataset_compressed\normal\1933.mp4,0
dataset_compressed\normal\1934.mp4,0
dataset_compressed\normal\1935.mp4,0
dataset_compressed\normal\1936.mp4,0
dataset_compressed\normal\1937.mp4,0
dataset_compressed\normal\1938.mp4,0
dataset_compressed\normal\1939.mp4,0
dataset_compressed\normal\1940.mp4,0
dataset_compressed\normal\1941.mp4,0
dataset_compressed\normal\1942.mp4,0
dataset_compressed\normal\1943.mp4,0
dataset_compressed\normal\1944.mp4,0
dataset_compressed\normal\1945.mp4,0
dataset_compressed\normal\1946.mp4,0
dataset_compressed\normal\1947.mp4,0
dataset_compressed\normal\1948.mp4,0
dataset_compressed\normal\1949.mp4,0
dataset_compressed\normal\1950.mp4,0
dataset_compressed\normal\1951.mp4,0
dataset_compressed\normal\1952.mp4,0
dataset_compressed\normal\1953.mp4,0
dataset_compressed\normal\1954.mp4,0
dataset_compressed\normal\1955.mp4,0
dataset_compressed\normal\1956.mp4,0
dataset_compressed\normal\1957.mp4,0
dataset_compressed\normal\1958.mp4,0
dataset_compressed\normal\1959.mp4,0
dataset_compressed\normal\1960.mp4,0
dataset_compressed\normal\1961.mp4,0
dataset_compressed\normal\1962.mp4,0
dataset_compressed\normal\1963.mp4,0
dataset_compressed\normal\1964.mp4,0
dataset_compressed\normal\1965.mp4,0
dataset_compressed\normal\1966.mp4,0
dataset_compressed\normal\1967.mp4,0
dataset_compressed\normal\1968.mp4,0
dataset_compressed\normal\1969.mp4,0
dataset_compressed\normal\1970.mp4,0
dataset_compressed\normal\1971.mp4,0
dataset_compressed\normal\1972.mp4,0
dataset_compressed\normal\1973.mp4,0
dataset_compressed\normal\1974.mp4,0
dataset_compressed\normal\1975.mp4,0
dataset_compressed\normal\1976.mp4,0
dataset_compressed\normal\1977.mp4,0
dataset_compressed\normal\1978.mp4,0
dataset_compressed\normal\1979.mp4,0
dataset_compressed\normal\1980.mp4,0
dataset_compressed\normal\1981.mp4,0
dataset_compressed\normal\1982.mp4,0
dataset_compressed\normal\1983.mp4,0
dataset_compressed\normal\1984.mp4,0
dataset_compressed\normal\1985.mp4,0
dataset_compressed\normal\1986.mp4,0
dataset_compressed\normal\1987.mp4,0
dataset_compressed\normal\1988.mp4,0
dataset_compressed\normal\1989.mp4,0
dataset_compressed\normal\1990.mp4,0
dataset_compressed\normal\1991.mp4,0
dataset_compressed\normal\1992.mp4,0
dataset_compressed\normal\1993.mp4,0
dataset_compressed\normal\1994.mp4,0
dataset_compressed\normal\1995.mp4,0
dataset_compressed\normal\1996.mp4,0
dataset_compressed\normal\1997.mp4,0
dataset_compressed\normal\1998.mp4,0
dataset_compressed\normal\1999.mp4,0
dataset_compressed\normal\2000.mp4,0
dataset_compressed\normal\2001.mp4,0
dataset_compressed\normal\2002.mp4,0
dataset_compressed\normal\2003.mp4,0
dataset_compressed\normal\2004.mp4,0
dataset_compressed\normal\2005.mp4,0
dataset_compressed\normal\2006.mp4,0
dataset_compressed\normal\2007.mp4,0
dataset_compressed\normal\2008.mp4,0
dataset_compressed\normal\2009.mp4,0
dataset_compressed\normal\2010.mp4,0
dataset_compressed\normal\2011.mp4,0
dataset_compressed\normal\2012.mp4,0
dataset_compressed\normal\2013.mp4,0
dataset_compressed\normal\2014.mp4,0
dataset_compressed\normal\2015.mp4,0
dataset_compressed\normal\2016.mp4,0
dataset_compressed\normal\2017.mp4,0
dataset_compressed\normal\2018.mp4,0
dataset_compressed\normal\2019.mp4,0
dataset_compressed\normal\2020.mp4,0
dataset_compressed\normal\2021.mp4,0
dataset_compressed\normal\2022.mp4,0
dataset_compressed\normal\20220518_acci-bg1.mp4,0
dataset_compressed\normal\20220518_acci-bg10.mp4,0
dataset_compressed\normal\20220518_acci-bg12.mp4,0
dataset_compressed\normal\20220518_acci-bg14.mp4,0
dataset_compressed\normal\20220518_acci-bg16.mp4,0
dataset_compressed\normal\20220518_acci-bg18.mp4,0
dataset_compressed\normal\20220518_acci-bg20.mp4,0
dataset_compressed\normal\20220518_acci-bg22.mp4,0
dataset_compressed\normal\20220518_acci-bg24.mp4,0
dataset_compressed\normal\20220518_acci-bg26.mp4,0
dataset_compressed\normal\20220518_acci-bg28.mp4,0
dataset_compressed\normal\20220518_acci-bg3.mp4,0
dataset_compressed\normal\20220518_acci-bg30.mp4,0
dataset_compressed\normal\20220518_acci-bg32.mp4,0
dataset_compressed\normal\20220518_acci-bg34.mp4,0
dataset_compressed\normal\20220518_acci-bg36.mp4,0
dataset_compressed\normal\20220518_acci-bg38.mp4,0
dataset_compressed\normal\20220518_acci-bg40.mp4,0
dataset_compressed\normal\20220518_acci-bg42.mp4,0
dataset_compressed\normal\20220518_acci-bg44.mp4,0
dataset_compressed\normal\20220518_acci-bg46.mp4,0
dataset_compressed\normal\20220518_acci-bg48.mp4,0
dataset_compressed\normal\20220518_acci-bg50.mp4,0
dataset_compressed\normal\20220518_acci-bg52.mp4,0
dataset_compressed\normal\20220518_acci-bg54.mp4,0
dataset_compressed\normal\20220518_acci-bg56.mp4,0
dataset_compressed\normal\20220518_acci-bg58.mp4,0
dataset_compressed\normal\20220518_acci-bg6.mp4,0
dataset_compressed\normal\20220518_acci-bg60.mp4,0
dataset_compressed\normal\20220518_acci-bg62.mp4,0
dataset_compressed\normal\20220518_acci-bg8.mp4,0
dataset_compressed\normal\20220620_acci-bg11.mp4,0
dataset_compressed\normal\20220620_acci-bg13.mp4,0
dataset_compressed\normal\20220620_acci-bg16.mp4,0
dataset_compressed\normal\20220620_acci-bg18.mp4,0
dataset_compressed\normal\20220620_acci-bg20.mp4,0
dataset_compressed\normal\20220620_acci-bg22.mp4,0
dataset_compressed\normal\20220620_acci-bg24.mp4,0
dataset_compressed\normal\20220620_acci-bg26.mp4,0
dataset_compressed\normal\20220620_acci-bg29.mp4,0
dataset_compressed\normal\20220620_acci-bg3.mp4,0
dataset_compressed\normal\20220620_acci-bg31.mp4,0
dataset_compressed\normal\20220620_acci-bg33.mp4,0
dataset_compressed\normal\20220620_acci-bg35.mp4,0
dataset_compressed\normal\20220620_acci-bg37.mp4,0
dataset_compressed\normal\20220620_acci-bg39.mp4,0
dataset_compressed\normal\20220620_acci-bg41.mp4,0
dataset_compressed\normal\20220620_acci-bg44.mp4,0
dataset_compressed\normal\20220620_acci-bg48.mp4,0
dataset_compressed\normal\20220620_acci-bg5.mp4,0
dataset_compressed\normal\20220620_acci-bg7.mp4,0
dataset_compressed\normal\20220620_acci-bg9.mp4,0
dataset_compressed\normal\2023.mp4,0
dataset_compressed\normal\20230818_acci-bg_1.mp4,0
dataset_compressed\normal\20230818_acci-bg_103.mp4,0
dataset_compressed\normal\20230818_acci-bg_105.mp4,0
dataset_compressed\normal\20230818_acci-bg_107.mp4,0
dataset_compressed\normal\20230818_acci-bg_11.mp4,0
dataset_compressed\normal\20230818_acci-bg_111.mp4,0
dataset_compressed\normal\20230818_acci-bg_113.mp4,0
dataset_compressed\normal\20230818_acci-bg_115.mp4,0
dataset_compressed\normal\20230818_acci-bg_119.mp4,0
dataset_compressed\normal\20230818_acci-bg_121.mp4,0
dataset_compressed\normal\20230818_acci-bg_123.mp4,0
dataset_compressed\normal\20230818_acci-bg_127.mp4,0
dataset_compressed\normal\20230818_acci-bg_129.mp4,0
dataset_compressed\normal\20230818_acci-bg_131.mp4,0
dataset_compressed\normal\20230818_acci-bg_135.mp4,0
dataset_compressed\normal\20230818_acci-bg_137.mp4,0
dataset_compressed\normal\20230818_acci-bg_139.mp4,0
dataset_compressed\normal\20230818_acci-bg_143.mp4,0
dataset_compressed\normal\20230818_acci-bg_145.mp4,0
dataset_compressed\normal\20230818_acci-bg_147.mp4,0
dataset_compressed\normal\20230818_acci-bg_15.mp4,0
dataset_compressed\normal\20230818_acci-bg_151.mp4,0
dataset_compressed\normal\20230818_acci-bg_153.mp4,0
dataset_compressed\normal\20230818_acci-bg_155.mp4,0
dataset_compressed\normal\20230818_acci-bg_17.mp4,0
dataset_compressed\normal\20230818_acci-bg_19.mp4,0
dataset_compressed\normal\20230818_acci-bg_23.mp4,0
dataset_compressed\normal\20230818_acci-bg_25.mp4,0
dataset_compressed\normal\20230818_acci-bg_27.mp4,0
dataset_compressed\normal\20230818_acci-bg_3.mp4,0
dataset_compressed\normal\20230818_acci-bg_31.mp4,0
dataset_compressed\normal\20230818_acci-bg_33.mp4,0
dataset_compressed\normal\20230818_acci-bg_35.mp4,0
dataset_compressed\normal\20230818_acci-bg_39.mp4,0
dataset_compressed\normal\20230818_acci-bg_41.mp4,0
dataset_compressed\normal\20230818_acci-bg_43.mp4,0
dataset_compressed\normal\20230818_acci-bg_47.mp4,0
dataset_compressed\normal\20230818_acci-bg_49.mp4,0
dataset_compressed\normal\20230818_acci-bg_51.mp4,0
dataset_compressed\normal\20230818_acci-bg_55.mp4,0
dataset_compressed\normal\20230818_acci-bg_57.mp4,0
dataset_compressed\normal\20230818_acci-bg_59.mp4,0
dataset_compressed\normal\20230818_acci-bg_63.mp4,0
dataset_compressed\normal\20230818_acci-bg_65.mp4,0
dataset_compressed\normal\20230818_acci-bg_67.mp4,0
dataset_compressed\normal\20230818_acci-bg_7.mp4,0
dataset_compressed\normal\20230818_acci-bg_71.mp4,0
dataset_compressed\normal\20230818_acci-bg_73.mp4,0
dataset_compressed\normal\20230818_acci-bg_75.mp4,0
dataset_compressed\normal\20230818_acci-bg_79.mp4,0
dataset_compressed\normal\20230818_acci-bg_81.mp4,0
dataset_compressed\normal\20230818_acci-bg_83.mp4,0
dataset_compressed\normal\20230818_acci-bg_87.mp4,0
dataset_compressed\normal\20230818_acci-bg_89.mp4,0
dataset_compressed\normal\20230818_acci-bg_9.mp4,0
dataset_compressed\normal\20230818_acci-bg_91.mp4,0
dataset_compressed\normal\20230818_acci-bg_95.mp4,0
dataset_compressed\normal\20230818_acci-bg_97.mp4,0
dataset_compressed\normal\20230818_acci-bg_99.mp4,0
dataset_compressed\normal\2024.mp4,0
dataset_compressed\normal\2025.mp4,0
dataset_compressed\normal\2026.mp4,0
dataset_compressed\normal\2027.mp4,0
dataset_compressed\normal\2028.mp4,0
dataset_compressed\normal\2029.mp4,0
dataset_compressed\normal\2030.mp4,0
dataset_compressed\normal\2031.mp4,0
dataset_compressed\normal\2032.mp4,0
dataset_compressed\normal\2033.mp4,0
dataset_compressed\normal\2034.mp4,0
dataset_compressed\normal\2035.mp4,0
dataset_compressed\normal\2036.mp4,0
dataset_compressed\normal\2037.mp4,0
dataset_compressed\normal\2038.mp4,0
dataset_compressed\normal\2039.mp4,0
dataset_compressed\normal\2040.mp4,0
dataset_compressed\normal\2041.mp4,0
dataset_compressed\normal\2042.mp4,0
dataset_compressed\normal\2043.mp4,0
dataset_compressed\normal\2044.mp4,0
dataset_compressed\normal\2045.mp4,0
dataset_compressed\normal\2046.mp4,0
dataset_compressed\normal\2047.mp4,0
dataset_compressed\normal\2048.mp4,0
dataset_compressed\normal\2049.mp4,0
dataset_compressed\normal\2050.mp4,0
dataset_compressed\normal\2051.mp4,0
dataset_compressed\normal\2052.mp4,0
dataset_compressed\normal\2053.mp4,0
dataset_compressed\normal\2054.mp4,0
dataset_compressed\normal\2055.mp4,0
dataset_compressed\normal\2056.mp4,0
dataset_compressed\normal\2057.mp4,0
dataset_compressed\normal\2058.mp4,0
dataset_compressed\normal\2059.mp4,0
dataset_compressed\normal\2060.mp4,0
dataset_compressed\normal\2061.mp4,0
dataset_compressed\normal\2062.mp4,0
dataset_compressed\normal\2063.mp4,0
dataset_compressed\normal\2064.mp4,0
dataset_compressed\normal\2065.mp4,0
dataset_compressed\normal\2066.mp4,0
dataset_compressed\normal\2067.mp4,0
dataset_compressed\normal\2068.mp4,0
dataset_compressed\normal\2069.mp4,0
dataset_compressed\normal\2070.mp4,0
dataset_compressed\normal\2071.mp4,0
dataset_compressed\normal\2072.mp4,0
dataset_compressed\normal\2073.mp4,0
dataset_compressed\normal\2074.mp4,0
dataset_compressed\normal\2075.mp4,0
dataset_compressed\normal\2076.mp4,0
dataset_compressed\normal\2077.mp4,0
dataset_compressed\normal\2078.mp4,0
dataset_compressed\normal\2079.mp4,0
dataset_compressed\normal\2080.mp4,0
dataset_compressed\normal\2081.mp4,0
dataset_compressed\normal\2082.mp4,0
dataset_compressed\normal\2083.mp4,0
dataset_compressed\normal\2084.mp4,0
dataset_compressed\normal\2085.mp4,0
dataset_compressed\normal\2086.mp4,0
dataset_compressed\normal\2087.mp4,0
dataset_compressed\normal\2088.mp4,0
dataset_compressed\normal\2089.mp4,0
dataset_compressed\normal\2090.mp4,0
dataset_compressed\normal\2091.mp4,0
dataset_compressed\normal\2092.mp4,0
dataset_compressed\normal\2093.mp4,0
dataset_compressed\normal\2094.mp4,0
dataset_compressed\normal\2095.mp4,0
dataset_compressed\normal\2096.mp4,0
dataset_compressed\normal\2097.mp4,0
dataset_compressed\normal\2098.mp4,0
dataset_compressed\normal\2099.mp4,0
dataset_compressed\normal\2100.mp4,0
dataset_compressed\normal\2101.mp4,0
dataset_compressed\normal\2102.mp4,0
dataset_compressed\normal\2103.mp4,0
dataset_compressed\normal\2104.mp4,0
dataset_compressed\normal\2105.mp4,0
dataset_compressed\normal\2106.mp4,0
dataset_compressed\normal\2107.mp4,0
dataset_compressed\normal\2108.mp4,0
dataset_compressed\normal\2109.mp4,0
dataset_compressed\normal\2110.mp4,0
dataset_compressed\normal\2111.mp4,0
dataset_compressed\normal\2112.mp4,0
dataset_compressed\normal\2113.mp4,0
dataset_compressed\normal\2114.mp4,0
dataset_compressed\normal\2115.mp4,0
dataset_compressed\normal\2116.mp4,0
dataset_compressed\normal\2117.mp4,0
dataset_compressed\normal\2118.mp4,0
dataset_compressed\normal\2119.mp4,0
dataset_compressed\normal\2120.mp4,0
dataset_compressed\normal\2121.mp4,0
dataset_compressed\normal\2122.mp4,0
dataset_compressed\normal\2123.mp4,0
dataset_compressed\normal\2124.mp4,0
dataset_compressed\normal\2125.mp4,0
dataset_compressed\normal\2126.mp4,0
dataset_compressed\normal\2127.mp4,0
dataset_compressed\normal\2128.mp4,0
dataset_compressed\normal\2129.mp4,0
dataset_compressed\normal\2130.mp4,0
dataset_compressed\normal\2131.mp4,0
dataset_compressed\normal\2132.mp4,0
dataset_compressed\normal\2133.mp4,0
dataset_compressed\normal\2134.mp4,0
dataset_compressed\normal\2135.mp4,0
dataset_compressed\normal\2136.mp4,0
dataset_compressed\normal\2137.mp4,0
dataset_compressed\normal\2138.mp4,0
dataset_compressed\normal\2139.mp4,0
dataset_compressed\normal\2140.mp4,0
dataset_compressed\normal\2141.mp4,0
dataset_compressed\normal\2142.mp4,0
dataset_compressed\normal\2143.mp4,0
dataset_compressed\normal\2144.mp4,0
dataset_compressed\normal\2145.mp4,0
dataset_compressed\normal\2146.mp4,0
dataset_compressed\normal\2147.mp4,0
dataset_compressed\normal\2148.mp4,0
dataset_compressed\normal\2149.mp4,0
dataset_compressed\normal\2150.mp4,0
dataset_compressed\normal\2151.mp4,0
dataset_compressed\normal\2152.mp4,0
dataset_compressed\normal\2153.mp4,0
dataset_compressed\normal\2154.mp4,0
dataset_compressed\normal\2155.mp4,0
dataset_compressed\normal\2156.mp4,0
dataset_compressed\normal\2157.mp4,0
dataset_compressed\normal\2158.mp4,0
dataset_compressed\normal\2159.mp4,0
dataset_compressed\normal\2160.mp4,0
dataset_compressed\normal\2161.mp4,0
dataset_compressed\normal\2162.mp4,0
dataset_compressed\normal\2163.mp4,0
dataset_compressed\normal\2164.mp4,0
dataset_compressed\normal\2165.mp4,0
dataset_compressed\normal\2166.mp4,0
dataset_compressed\normal\2167.mp4,0
dataset_compressed\normal\2168.mp4,0
dataset_compressed\normal\2169.mp4,0
dataset_compressed\normal\2170.mp4,0
dataset_compressed\normal\2171.mp4,0
dataset_compressed\normal\2172.mp4,0
dataset_compressed\normal\2173.mp4,0
dataset_compressed\normal\2174.mp4,0
dataset_compressed\normal\2175.mp4,0
dataset_compressed\normal\2176.mp4,0
dataset_compressed\normal\2177.mp4,0
dataset_compressed\normal\2178.mp4,0
dataset_compressed\normal\2179.mp4,0
dataset_compressed\normal\2180.mp4,0
dataset_compressed\normal\2181.mp4,0
dataset_compressed\normal\2182.mp4,0
dataset_compressed\normal\2183.mp4,0
dataset_compressed\normal\2184.mp4,0
dataset_compressed\normal\2185.mp4,0
dataset_compressed\normal\2186.mp4,0
dataset_compressed\normal\2187.mp4,0
dataset_compressed\normal\2188.mp4,0
dataset_compressed\normal\2189.mp4,0
dataset_compressed\normal\2190.mp4,0
dataset_compressed\normal\2191.mp4,0
dataset_compressed\normal\2192.mp4,0
dataset_compressed\normal\2193.mp4,0
dataset_compressed\normal\2194.mp4,0
dataset_compressed\normal\2195.mp4,0
dataset_compressed\normal\2196.mp4,0
dataset_compressed\normal\2197.mp4,0
dataset_compressed\normal\2198.mp4,0
dataset_compressed\normal\2199.mp4,0
dataset_compressed\normal\2200.mp4,0
dataset_compressed\normal\2201.mp4,0
dataset_compressed\normal\2202.mp4,0
dataset_compressed\normal\2203.mp4,0
dataset_compressed\normal\2204.mp4,0
dataset_compressed\normal\2205.mp4,0
dataset_compressed\normal\2206.mp4,0
dataset_compressed\normal\2207.mp4,0
dataset_compressed\normal\2208.mp4,0
dataset_compressed\normal\2209.mp4,0
dataset_compressed\normal\2210.mp4,0
dataset_compressed\normal\2211.mp4,0
dataset_compressed\normal\2212.mp4,0
dataset_compressed\normal\2213.mp4,0
dataset_compressed\normal\2214.mp4,0
dataset_compressed\normal\2215.mp4,0
dataset_compressed\normal\2216.mp4,0
dataset_compressed\normal\2217.mp4,0
dataset_compressed\normal\2218.mp4,0
dataset_compressed\normal\2219.mp4,0
dataset_compressed\normal\2220.mp4,0
dataset_compressed\normal\2221.mp4,0
dataset_compressed\normal\2222.mp4,0
dataset_compressed\normal\2223.mp4,0
dataset_compressed\normal\2224.mp4,0
dataset_compressed\normal\2225.mp4,0
dataset_compressed\normal\2226.mp4,0
dataset_compressed\normal\2227.mp4,0
dataset_compressed\normal\2228.mp4,0
dataset_compressed\normal\2229.mp4,0
dataset_compressed\normal\2230.mp4,0
dataset_compressed\normal\2231.mp4,0
dataset_compressed\normal\2232.mp4,0
dataset_compressed\normal\2233.mp4,0
dataset_compressed\normal\2234.mp4,0
dataset_compressed\normal\2235.mp4,0
dataset_compressed\normal\2236.mp4,0
dataset_compressed\normal\2237.mp4,0
dataset_compressed\normal\2238.mp4,0
dataset_compressed\normal\2239.mp4,0
dataset_compressed\normal\2240.mp4,0
dataset_compressed\normal\2241.mp4,0
dataset_compressed\normal\2242.mp4,0
dataset_compressed\normal\2243.mp4,0
dataset_compressed\normal\2244.mp4,0
dataset_compressed\normal\2245.mp4,0
dataset_compressed\normal\2246.mp4,0
dataset_compressed\normal\2247.mp4,0
dataset_compressed\normal\2248.mp4,0
dataset_compressed\normal\2249.mp4,0
dataset_compressed\normal\2250.mp4,0
dataset_compressed\normal\2251.mp4,0
dataset_compressed\normal\2252.mp4,0
dataset_compressed\normal\2253.mp4,0
dataset_compressed\normal\2254.mp4,0
dataset_compressed\normal\2255.mp4,0
dataset_compressed\normal\2256.mp4,0
dataset_compressed\normal\2257.mp4,0
dataset_compressed\normal\2258.mp4,0
dataset_compressed\normal\2259.mp4,0
dataset_compressed\normal\2260.mp4,0
dataset_compressed\normal\2261.mp4,0
dataset_compressed\normal\2262.mp4,0
dataset_compressed\normal\2263.mp4,0
dataset_compressed\normal\2264.mp4,0
dataset_compressed\normal\2265.mp4,0
dataset_compressed\normal\2266.mp4,0
dataset_compressed\normal\2267.mp4,0
dataset_compressed\normal\2268.mp4,0
dataset_compressed\normal\2269.mp4,0
dataset_compressed\normal\2270.mp4,0
dataset_compressed\normal\2271.mp4,0
dataset_compressed\normal\2272.mp4,0
dataset_compressed\normal\2273.mp4,0
dataset_compressed\normal\2274.mp4,0
dataset_compressed\normal\2275.mp4,0
dataset_compressed\normal\2276.mp4,0
dataset_compressed\normal\2277.mp4,0
dataset_compressed\normal\2278.mp4,0
dataset_compressed\normal\2279.mp4,0
dataset_compressed\normal\2280.mp4,0
dataset_compressed\normal\2281.mp4,0
dataset_compressed\normal\2282.mp4,0
dataset_compressed\normal\2283.mp4,0
dataset_compressed\normal\2284.mp4,0
dataset_compressed\normal\2285.mp4,0
dataset_compressed\normal\2286.mp4,0
dataset_compressed\normal\2287.mp4,0
dataset_compressed\normal\2288.mp4,0
dataset_compressed\normal\2289.mp4,0
dataset_compressed\normal\2290.mp4,0
dataset_compressed\normal\2291.mp4,0
dataset_compressed\normal\2292.mp4,0
dataset_compressed\normal\2293.mp4,0
dataset_compressed\normal\2294.mp4,0
dataset_compressed\normal\2295.mp4,0
dataset_compressed\normal\2296.mp4,0
dataset_compressed\normal\2297.mp4,0
dataset_compressed\normal\2298.mp4,0
dataset_compressed\normal\2299.mp4,0
dataset_compressed\normal\2300.mp4,0
dataset_compressed\normal\2301.mp4,0
dataset_compressed\normal\2302.mp4,0
dataset_compressed\normal\2303.mp4,0
dataset_compressed\normal\4.mp4,0
dataset_compressed\normal\400.mp4,0
dataset_compressed\normal\401.mp4,0
dataset_compressed\normal\402.mp4,0
dataset_compressed\normal\403.mp4,0
dataset_compressed\normal\404.mp4,0
dataset_compressed\normal\405.mp4,0
dataset_compressed\normal\406.mp4,0
dataset_compressed\normal\407.mp4,0
dataset_compressed\normal\408.mp4,0
dataset_compressed\normal\409.mp4,0
dataset_compressed\normal\410.mp4,0
dataset_compressed\normal\411.mp4,0
dataset_compressed\normal\412.mp4,0
dataset_compressed\normal\413.mp4,0
dataset_compressed\normal\414.mp4,0
dataset_compressed\normal\415.mp4,0
dataset_compressed\normal\416.mp4,0
dataset_compressed\normal\417.mp4,0
dataset_compressed\normal\418.mp4,0
dataset_compressed\normal\419.mp4,0
dataset_compressed\normal\420.mp4,0
dataset_compressed\normal\421.mp4,0
dataset_compressed\normal\422.mp4,0
dataset_compressed\normal\423.mp4,0
dataset_compressed\normal\424.mp4,0
dataset_compressed\normal\425.mp4,0
dataset_compressed\normal\426.mp4,0
dataset_compressed\normal\427.mp4,0
dataset_compressed\normal\428.mp4,0
dataset_compressed\normal\429.mp4,0
dataset_compressed\normal\430.mp4,0
dataset_compressed\normal\431.mp4,0
dataset_compressed\normal\432.mp4,0
dataset_compressed\normal\433.mp4,0
dataset_compressed\normal\434.mp4,0
dataset_compressed\normal\435.mp4,0
dataset_compressed\normal\436.mp4,0
dataset_compressed\normal\437.mp4,0
dataset_compressed\normal\438.mp4,0
dataset_compressed\normal\439.mp4,0
dataset_compressed\normal\440.mp4,0
dataset_compressed\normal\441.mp4,0
dataset_compressed\normal\442.mp4,0
dataset_compressed\normal\443.mp4,0
dataset_compressed\normal\444.mp4,0
dataset_compressed\normal\445.mp4,0
dataset_compressed\normal\446.mp4,0
dataset_compressed\normal\447.mp4,0
dataset_compressed\normal\448.mp4,0
dataset_compressed\normal\449.mp4,0
dataset_compressed\normal\450.mp4,0
dataset_compressed\normal\451.mp4,0
dataset_compressed\normal\452.mp4,0
dataset_compressed\normal\453.mp4,0
dataset_compressed\normal\454.mp4,0
dataset_compressed\normal\455.mp4,0
dataset_compressed\normal\456.mp4,0
dataset_compressed\normal\457.mp4,0
dataset_compressed\normal\458.mp4,0
dataset_compressed\normal\459.mp4,0
dataset_compressed\normal\460.mp4,0
dataset_compressed\normal\461.mp4,0
dataset_compressed\normal\462.mp4,0
dataset_compressed\normal\463.mp4,0
dataset_compressed\normal\464.mp4,0
dataset_compressed\normal\465.mp4,0
dataset_compressed\normal\466.mp4,0
dataset_compressed\normal\467.mp4,0
dataset_compressed\normal\468.mp4,0
dataset_compressed\normal\469.mp4,0
dataset_compressed\normal\470.mp4,0
dataset_compressed\normal\471.mp4,0
dataset_compressed\normal\472.mp4,0
dataset_compressed\normal\473.mp4,0
dataset_compressed\normal\474.mp4,0
dataset_compressed\normal\475.mp4,0
dataset_compressed\normal\476.mp4,0
dataset_compressed\normal\477.mp4,0
dataset_compressed\normal\478.mp4,0
dataset_compressed\normal\479.mp4,0
dataset_compressed\normal\480.mp4,0
dataset_compressed\normal\481.mp4,0
dataset_compressed\normal\482.mp4,0
dataset_compressed\normal\483.mp4,0
dataset_compressed\normal\484.mp4,0
dataset_compressed\normal\485.mp4,0
dataset_compressed\normal\486.mp4,0
dataset_compressed\normal\487.mp4,0
dataset_compressed\normal\488.mp4,0
dataset_compressed\normal\489.mp4,0
dataset_compressed\normal\490.mp4,0
dataset_compressed\normal\491.mp4,0
dataset_compressed\normal\492.mp4,0
dataset_compressed\normal\493.mp4,0
dataset_compressed\normal\494.mp4,0
dataset_compressed\normal\495.mp4,0
dataset_compressed\normal\496.mp4,0
dataset_compressed\normal\497.mp4,0
dataset_compressed\normal\498.mp4,0
dataset_compressed\normal\499.mp4,0
dataset_compressed\normal\500.mp4,0
dataset_compressed\normal\501.mp4,0
dataset_compressed\normal\502.mp4,0
dataset_compressed\normal\503.mp4,0
dataset_compressed\normal\504.mp4,0
dataset_compressed\normal\505.mp4,0
dataset_compressed\normal\506.mp4,0
dataset_compressed\normal\507.mp4,0
dataset_compressed\normal\508.mp4,0
dataset_compressed\normal\509.mp4,0
dataset_compressed\normal\510.mp4,0
dataset_compressed\normal\511.mp4,0
dataset_compressed\normal\512.mp4,0
dataset_compressed\normal\513.mp4,0
dataset_compressed\normal\514.mp4,0
dataset_compressed\normal\515.mp4,0
dataset_compressed\normal\516.mp4,0
dataset_compressed\normal\517.mp4,0
dataset_compressed\normal\518.mp4,0
dataset_compressed\normal\519.mp4,0
dataset_compressed\normal\520.mp4,0
dataset_compressed\normal\521.mp4,0
dataset_compressed\normal\522.mp4,0
dataset_compressed\normal\523.mp4,0
dataset_compressed\normal\524.mp4,0
dataset_compressed\normal\525.mp4,0
dataset_compressed\normal\526.mp4,0
dataset_compressed\normal\527.mp4,0
dataset_compressed\normal\528.mp4,0
dataset_compressed\normal\529.mp4,0
dataset_compressed\normal\530.mp4,0
dataset_compressed\normal\531.mp4,0
dataset_compressed\normal\532.mp4,0
dataset_compressed\normal\533.mp4,0
dataset_compressed\normal\534.mp4,0
dataset_compressed\normal\535.mp4,0
dataset_compressed\normal\536.mp4,0
dataset_compressed\normal\537.mp4,0
dataset_compressed\normal\538.mp4,0
dataset_compressed\normal\539.mp4,0
dataset_compressed\normal\540.mp4,0
dataset_compressed\normal\541.mp4,0
dataset_compressed\normal\542.mp4,0
dataset_compressed\normal\543.mp4,0
dataset_compressed\normal\544.mp4,0
dataset_compressed\normal\545.mp4,0
dataset_compressed\normal\546.mp4,0
dataset_compressed\normal\547.mp4,0
dataset_compressed\normal\548.mp4,0
dataset_compressed\normal\549.mp4,0
dataset_compressed\normal\550.mp4,0
dataset_compressed\normal\551.mp4,0
dataset_compressed\normal\552.mp4,0
dataset_compressed\normal\553.mp4,0
dataset_compressed\normal\554.mp4,0
dataset_compressed\normal\555.mp4,0
dataset_compressed\normal\556.mp4,0
dataset_compressed\normal\557.mp4,0
dataset_compressed\normal\558.mp4,0
dataset_compressed\normal\559.mp4,0
dataset_compressed\normal\560.mp4,0
dataset_compressed\normal\561.mp4,0
dataset_compressed\normal\562.mp4,0
dataset_compressed\normal\563.mp4,0
dataset_compressed\normal\564.mp4,0
dataset_compressed\normal\565.mp4,0
dataset_compressed\normal\566.mp4,0
dataset_compressed\normal\567.mp4,0
dataset_compressed\normal\568.mp4,0
dataset_compressed\normal\569.mp4,0
dataset_compressed\normal\570.mp4,0
dataset_compressed\normal\571.mp4,0
dataset_compressed\normal\572.mp4,0
dataset_compressed\normal\573.mp4,0
dataset_compressed\normal\574.mp4,0
dataset_compressed\normal\575.mp4,0
dataset_compressed\normal\576.mp4,0
dataset_compressed\normal\577.mp4,0
dataset_compressed\normal\578.mp4,0
dataset_compressed\normal\579.mp4,0
dataset_compressed\normal\580.mp4,0
dataset_compressed\normal\581.mp4,0
dataset_compressed\normal\582.mp4,0
dataset_compressed\normal\583.mp4,0
dataset_compressed\normal\584.mp4,0
dataset_compressed\normal\585.mp4,0
dataset_compressed\normal\586.mp4,0
dataset_compressed\normal\587.mp4,0
dataset_compressed\normal\588.mp4,0
dataset_compressed\normal\589.mp4,0
dataset_compressed\normal\590.mp4,0
dataset_compressed\normal\591.mp4,0
dataset_compressed\normal\592.mp4,0
dataset_compressed\normal\593.mp4,0
dataset_compressed\normal\594.mp4,0
dataset_compressed\normal\595.mp4,0
dataset_compressed\normal\596.mp4,0
dataset_compressed\normal\597.mp4,0
dataset_compressed\normal\598.mp4,0
dataset_compressed\normal\599.mp4,0
dataset_compressed\normal\600.mp4,0
dataset_compressed\normal\601.mp4,0
dataset_compressed\normal\602.mp4,0
dataset_compressed\normal\603.mp4,0
dataset_compressed\normal\604.mp4,0
dataset_compressed\normal\605.mp4,0
dataset_compressed\normal\606.mp4,0
dataset_compressed\normal\607.mp4,0
dataset_compressed\normal\608.mp4,0
dataset_compressed\normal\609.mp4,0
dataset_compressed\normal\610.mp4,0
dataset_compressed\normal\611.mp4,0
dataset_compressed\normal\612.mp4,0
dataset_compressed\normal\613.mp4,0
dataset_compressed\normal\614.mp4,0
dataset_compressed\normal\615.mp4,0
dataset_compressed\normal\616.mp4,0
dataset_compressed\normal\617.mp4,0
dataset_compressed\normal\618.mp4,0
dataset_compressed\normal\619.mp4,0
dataset_compressed\normal\620.mp4,0
dataset_compressed\normal\621.mp4,0
dataset_compressed\normal\622.mp4,0
dataset_compressed\normal\623.mp4,0
dataset_compressed\normal\624.mp4,0
dataset_compressed\normal\625.mp4,0
dataset_compressed\normal\626.mp4,0
dataset_compressed\normal\627.mp4,0
dataset_compressed\normal\628.mp4,0
dataset_compressed\normal\629.mp4,0
dataset_compressed\normal\630.mp4,0
dataset_compressed\normal\631.mp4,0
dataset_compressed\normal\632.mp4,0
dataset_compressed\normal\633.mp4,0
dataset_compressed\normal\634.mp4,0
dataset_compressed\normal\635.mp4,0
dataset_compressed\normal\636.mp4,0
dataset_compressed\normal\637.mp4,0
dataset_compressed\normal\638.mp4,0
dataset_compressed\normal\639.mp4,0
dataset_compressed\normal\640.mp4,0
dataset_compressed\normal\641.mp4,0
dataset_compressed\normal\642.mp4,0
dataset_compressed\normal\643.mp4,0
dataset_compressed\normal\644.mp4,0
dataset_compressed\normal\645.mp4,0
dataset_compressed\normal\646.mp4,0
dataset_compressed\normal\647.mp4,0
dataset_compressed\normal\648.mp4,0
dataset_compressed\normal\649.mp4,0
dataset_compressed\normal\650.mp4,0
dataset_compressed\normal\651.mp4,0
dataset_compressed\normal\652.mp4,0
dataset_compressed\normal\653.mp4,0
dataset_compressed\normal\654.mp4,0
dataset_compressed\normal\655.mp4,0
dataset_compressed\normal\656.mp4,0
dataset_compressed\normal\657.mp4,0
dataset_compressed\normal\658.mp4,0
dataset_compressed\normal\659.mp4,0
dataset_compressed\normal\660.mp4,0
dataset_compressed\normal\661.mp4,0
dataset_compressed\normal\662.mp4,0
dataset_compressed\normal\663.mp4,0
dataset_compressed\normal\664.mp4,0
dataset_compressed\normal\665.mp4,0
dataset_compressed\normal\666.mp4,0
dataset_compressed\normal\667.mp4,0
dataset_compressed\normal\668.mp4,0
dataset_compressed\normal\669.mp4,0
dataset_compressed\normal\670.mp4,0
dataset_compressed\normal\671.mp4,0
dataset_compressed\normal\672.mp4,0
dataset_compressed\normal\673.mp4,0
dataset_compressed\normal\674.mp4,0
dataset_compressed\normal\675.mp4,0
dataset_compressed\normal\676.mp4,0
dataset_compressed\normal\677.mp4,0
dataset_compressed\normal\678.mp4,0
dataset_compressed\normal\679.mp4,0
dataset_compressed\normal\680.mp4,0
dataset_compressed\normal\681.mp4,0
dataset_compressed\normal\682.mp4,0
dataset_compressed\normal\683.mp4,0
dataset_compressed\normal\684.mp4,0
dataset_compressed\normal\685.mp4,0
dataset_compressed\normal\686.mp4,0
dataset_compressed\normal\687.mp4,0
dataset_compressed\normal\688.mp4,0
dataset_compressed\normal\689.mp4,0
dataset_compressed\normal\690.mp4,0
dataset_compressed\normal\691.mp4,0
dataset_compressed\normal\692.mp4,0
dataset_compressed\normal\693.mp4,0
dataset_compressed\normal\694.mp4,0
dataset_compressed\normal\695.mp4,0
dataset_compressed\normal\696.mp4,0
dataset_compressed\normal\697.mp4,0
dataset_compressed\normal\698.mp4,0
dataset_compressed\normal\699.mp4,0
dataset_compressed\normal\700.mp4,0
dataset_compressed\normal\701.mp4,0
dataset_compressed\normal\702.mp4,0
dataset_compressed\normal\703.mp4,0
dataset_compressed\normal\704.mp4,0
dataset_compressed\normal\705.mp4,0
dataset_compressed\normal\706.mp4,0
dataset_compressed\normal\707.mp4,0
dataset_compressed\normal\708.mp4,0
dataset_compressed\normal\709.mp4,0
dataset_compressed\normal\710.mp4,0
dataset_compressed\normal\711.mp4,0
dataset_compressed\normal\712.mp4,0
dataset_compressed\normal\713.mp4,0
dataset_compressed\normal\714.mp4,0
dataset_compressed\normal\715.mp4,0
dataset_compressed\normal\716.mp4,0
dataset_compressed\normal\717.mp4,0
dataset_compressed\normal\718.mp4,0
dataset_compressed\normal\719.mp4,0
dataset_compressed\normal\720.mp4,0
dataset_compressed\normal\721.mp4,0
dataset_compressed\normal\722.mp4,0
dataset_compressed\normal\723.mp4,0
dataset_compressed\normal\724.mp4,0
dataset_compressed\normal\725.mp4,0
dataset_compressed\normal\726.mp4,0
dataset_compressed\normal\727.mp4,0
dataset_compressed\normal\728.mp4,0
dataset_compressed\normal\729.mp4,0
dataset_compressed\normal\730.mp4,0
dataset_compressed\normal\731.mp4,0
dataset_compressed\normal\732.mp4,0
dataset_compressed\normal\733.mp4,0
dataset_compressed\normal\734.mp4,0
dataset_compressed\normal\735.mp4,0
dataset_compressed\normal\736.mp4,0
dataset_compressed\normal\737.mp4,0
dataset_compressed\normal\738.mp4,0
dataset_compressed\normal\739.mp4,0
dataset_compressed\normal\740.mp4,0
dataset_compressed\normal\741.mp4,0
dataset_compressed\normal\742.mp4,0
dataset_compressed\normal\743.mp4,0
dataset_compressed\normal\744.mp4,0
dataset_compressed\normal\745.mp4,0
dataset_compressed\normal\746.mp4,0
dataset_compressed\normal\747.mp4,0
dataset_compressed\normal\748.mp4,0
dataset_compressed\normal\749.mp4,0
dataset_compressed\normal\750.mp4,0
dataset_compressed\normal\751.mp4,0
dataset_compressed\normal\752.mp4,0
dataset_compressed\normal\753.mp4,0
dataset_compressed\normal\754.mp4,0
dataset_compressed\normal\755.mp4,0
dataset_compressed\normal\756.mp4,0
dataset_compressed\normal\757.mp4,0
dataset_compressed\normal\758.mp4,0
dataset_compressed\normal\759.mp4,0
dataset_compressed\normal\760.mp4,0
dataset_compressed\normal\761.mp4,0
dataset_compressed\normal\762.mp4,0
dataset_compressed\normal\763.mp4,0
dataset_compressed\normal\764.mp4,0
dataset_compressed\normal\765.mp4,0
dataset_compressed\normal\766.mp4,0
dataset_compressed\normal\767.mp4,0
dataset_compressed\normal\768.mp4,0
dataset_compressed\normal\769.mp4,0
dataset_compressed\normal\770.mp4,0
dataset_compressed\normal\771.mp4,0
dataset_compressed\normal\772.mp4,0
dataset_compressed\normal\773.mp4,0
dataset_compressed\normal\774.mp4,0
dataset_compressed\normal\775.mp4,0
dataset_compressed\normal\776.mp4,0
dataset_compressed\normal\777.mp4,0
dataset_compressed\normal\778.mp4,0
dataset_compressed\normal\779.mp4,0
dataset_compressed\normal\780.mp4,0
dataset_compressed\normal\781.mp4,0
dataset_compressed\normal\782.mp4,0
dataset_compressed\normal\783.mp4,0
dataset_compressed\normal\784.mp4,0
dataset_compressed\normal\785.mp4,0
dataset_compressed\normal\786.mp4,0
dataset_compressed\normal\787.mp4,0
dataset_compressed\normal\788.mp4,0
dataset_compressed\normal\789.mp4,0
dataset_compressed\normal\790.mp4,0
dataset_compressed\normal\791.mp4,0
dataset_compressed\normal\792.mp4,0
dataset_compressed\normal\793.mp4,0
dataset_compressed\normal\794.mp4,0
dataset_compressed\normal\795.mp4,0
dataset_compressed\normal\796.mp4,0
dataset_compressed\normal\797.mp4,0
dataset_compressed\normal\798.mp4,0
dataset_compressed\normal\799.mp4,0
dataset_compressed\normal\800.mp4,0
dataset_compressed\normal\801.mp4,0
dataset_compressed\normal\802.mp4,0
dataset_compressed\normal\803.mp4,0
dataset_compressed\normal\804.mp4,0
dataset_compressed\normal\805.mp4,0
dataset_compressed\normal\806.mp4,0
dataset_compressed\normal\807.mp4,0
dataset_compressed\normal\808.mp4,0
dataset_compressed\normal\809.mp4,0
dataset_compressed\normal\810.mp4,0
dataset_compressed\normal\811.mp4,0
dataset_compressed\normal\812.mp4,0
dataset_compressed\normal\813.mp4,0
dataset_compressed\normal\814.mp4,0
dataset_compressed\normal\815.mp4,0
dataset_compressed\normal\816.mp4,0
dataset_compressed\normal\817.mp4,0
dataset_compressed\normal\818.mp4,0
dataset_compressed\normal\819.mp4,0
dataset_compressed\normal\820.mp4,0
dataset_compressed\normal\821.mp4,0
dataset_compressed\normal\822.mp4,0
dataset_compressed\normal\823.mp4,0
dataset_compressed\normal\824.mp4,0
dataset_compressed\normal\825.mp4,0
dataset_compressed\normal\826.mp4,0
dataset_compressed\normal\827.mp4,0
dataset_compressed\normal\828.mp4,0
dataset_compressed\normal\829.mp4,0
dataset_compressed\normal\830.mp4,0
dataset_compressed\normal\831.mp4,0
dataset_compressed\normal\832.mp4,0
dataset_compressed\normal\833.mp4,0
dataset_compressed\normal\834.mp4,0
dataset_compressed\normal\835.mp4,0
dataset_compressed\normal\836.mp4,0
dataset_compressed\normal\837.mp4,0
dataset_compressed\normal\838.mp4,0
dataset_compressed\normal\839.mp4,0
dataset_compressed\normal\840.mp4,0
dataset_compressed\normal\841.mp4,0
dataset_compressed\normal\842.mp4,0
dataset_compressed\normal\843.mp4,0
dataset_compressed\normal\844.mp4,0
dataset_compressed\normal\845.mp4,0
dataset_compressed\normal\846.mp4,0
dataset_compressed\normal\847.mp4,0
dataset_compressed\normal\848.mp4,0
dataset_compressed\normal\849.mp4,0
dataset_compressed\normal\850.mp4,0
dataset_compressed\normal\851.mp4,0
dataset_compressed\normal\852.mp4,0
dataset_compressed\normal\853.mp4,0
dataset_compressed\normal\854.mp4,0
dataset_compressed\normal\855.mp4,0
dataset_compressed\normal\856.mp4,0
dataset_compressed\normal\857.mp4,0
dataset_compressed\normal\858.mp4,0
dataset_compressed\normal\859.mp4,0
dataset_compressed\normal\860.mp4,0
dataset_compressed\normal\861.mp4,0
dataset_compressed\normal\862.mp4,0
dataset_compressed\normal\863.mp4,0
dataset_compressed\normal\864.mp4,0
dataset_compressed\normal\865.mp4,0
dataset_compressed\normal\866.mp4,0
dataset_compressed\normal\867.mp4,0
dataset_compressed\normal\868.mp4,0
dataset_compressed\normal\869.mp4,0
dataset_compressed\normal\870.mp4,0
dataset_compressed\normal\871.mp4,0
dataset_compressed\normal\872.mp4,0
dataset_compressed\normal\873.mp4,0
dataset_compressed\normal\874.mp4,0
dataset_compressed\normal\875.mp4,0
dataset_compressed\normal\876.mp4,0
dataset_compressed\normal\877.mp4,0
dataset_compressed\normal\878.mp4,0
dataset_compressed\normal\879.mp4,0
dataset_compressed\normal\880.mp4,0
dataset_compressed\normal\881.mp4,0
dataset_compressed\normal\882.mp4,0
dataset_compressed\normal\883.mp4,0
dataset_compressed\normal\884.mp4,0
dataset_compressed\normal\885.mp4,0
dataset_compressed\normal\886.mp4,0
dataset_compressed\normal\887.mp4,0
dataset_compressed\normal\888.mp4,0
dataset_compressed\normal\889.mp4,0
dataset_compressed\normal\890.mp4,0
dataset_compressed\normal\891.mp4,0
dataset_compressed\normal\892.mp4,0
dataset_compressed\normal\893.mp4,0
dataset_compressed\normal\894.mp4,0
dataset_compressed\normal\895.mp4,0
dataset_compressed\normal\896.mp4,0
dataset_compressed\normal\897.mp4,0
dataset_compressed\normal\898.mp4,0
dataset_compressed\normal\899.mp4,0
dataset_compressed\normal\900.mp4,0
dataset_compressed\normal\901.mp4,0
dataset_compressed\normal\902.mp4,0
dataset_compressed\normal\903.mp4,0
dataset_compressed\normal\904.mp4,0
dataset_compressed\normal\905.mp4,0
dataset_compressed\normal\906.mp4,0
dataset_compressed\normal\907.mp4,0
dataset_compressed\normal\908.mp4,0
dataset_compressed\normal\909.mp4,0
dataset_compressed\normal\910.mp4,0
dataset_compressed\normal\911.mp4,0
dataset_compressed\normal\912.mp4,0
dataset_compressed\normal\913.mp4,0
dataset_compressed\normal\914.mp4,0
dataset_compressed\normal\915.mp4,0
dataset_compressed\normal\916.mp4,0
dataset_compressed\normal\917.mp4,0
dataset_compressed\normal\918.mp4,0
dataset_compressed\normal\919.mp4,0
dataset_compressed\normal\920.mp4,0
dataset_compressed\normal\921.mp4,0
dataset_compressed\normal\922.mp4,0
dataset_compressed\normal\923.mp4,0
dataset_compressed\normal\924.mp4,0
dataset_compressed\normal\925.mp4,0
dataset_compressed\normal\926.mp4,0
dataset_compressed\normal\927.mp4,0
dataset_compressed\normal\928.mp4,0
dataset_compressed\normal\929.mp4,0
dataset_compressed\normal\930.mp4,0
dataset_compressed\normal\931.mp4,0
dataset_compressed\normal\932.mp4,0
dataset_compressed\normal\933.mp4,0
dataset_compressed\normal\934.mp4,0
dataset_compressed\normal\935.mp4,0
dataset_compressed\normal\936.mp4,0
dataset_compressed\normal\937.mp4,0
dataset_compressed\normal\938.mp4,0
dataset_compressed\normal\939.mp4,0
dataset_compressed\normal\940.mp4,0
dataset_compressed\normal\941.mp4,0
dataset_compressed\normal\942.mp4,0
dataset_compressed\normal\943.mp4,0
dataset_compressed\normal\944.mp4,0
dataset_compressed\normal\945.mp4,0
dataset_compressed\normal\946.mp4,0
dataset_compressed\normal\947.mp4,0
dataset_compressed\normal\948.mp4,0
dataset_compressed\normal\949.mp4,0
dataset_compressed\normal\950.mp4,0
dataset_compressed\normal\951.mp4,0
dataset_compressed\normal\952.mp4,0
dataset_compressed\normal\953.mp4,0
dataset_compressed\normal\954.mp4,0
dataset_compressed\normal\955.mp4,0
dataset_compressed\normal\956.mp4,0
dataset_compressed\normal\957.mp4,0
dataset_compressed\normal\958.mp4,0
dataset_compressed\normal\959.mp4,0
dataset_compressed\normal\960.mp4,0
dataset_compressed\normal\961.mp4,0
dataset_compressed\normal\962.mp4,0
dataset_compressed\normal\963.mp4,0
dataset_compressed\normal\964.mp4,0
dataset_compressed\normal\965.mp4,0
dataset_compressed\normal\966.mp4,0
dataset_compressed\normal\967.mp4,0
dataset_compressed\normal\968.mp4,0
dataset_compressed\normal\969.mp4,0
dataset_compressed\normal\970.mp4,0
dataset_compressed\normal\971.mp4,0
dataset_compressed\normal\972.mp4,0
dataset_compressed\normal\973.mp4,0
dataset_compressed\normal\974.mp4,0
dataset_compressed\normal\975.mp4,0
dataset_compressed\normal\976.mp4,0
dataset_compressed\normal\977.mp4,0
dataset_compressed\normal\978.mp4,0
dataset_compressed\normal\979.mp4,0
dataset_compressed\normal\980.mp4,0
dataset_compressed\normal\981.mp4,0
dataset_compressed\normal\982.mp4,0
dataset_compressed\normal\983.mp4,0
dataset_compressed\normal\984.mp4,0
dataset_compressed\normal\985.mp4,0
dataset_compressed\normal\986.mp4,0
dataset_compressed\normal\987.mp4,0
dataset_compressed\normal\988.mp4,0
dataset_compressed\normal\989.mp4,0
dataset_compressed\normal\990.mp4,0
dataset_compressed\normal\991.mp4,0
dataset_compressed\normal\992.mp4,0
dataset_compressed\normal\993.mp4,0
dataset_compressed\normal\994.mp4,0
dataset_compressed\normal\995.mp4,0
dataset_compressed\normal\996.mp4,0
dataset_compressed\normal\997.mp4,0
dataset_compressed\normal\998.mp4,0
dataset_compressed\normal\999.mp4,0
dataset_compressed\normal\videox5_1.mp4,0
dataset_compressed\normal\videox6_1.mp4,0
dataset_compressed\normal\videox_test_F1.mp4,0
dataset_compressed\normal\videox_test_F10.mp4,0
dataset_compressed\normal\videox_test_F11.mp4,0
dataset_compressed\normal\videox_test_F12.mp4,0
dataset_compressed\normal\videox_test_F14.mp4,0
dataset_compressed\normal\videox_test_F15.mp4,0
dataset_compressed\normal\videox_test_F16.mp4,0
dataset_compressed\normal\videox_test_F2.mp4,0
dataset_compressed\normal\videox_test_F3.mp4,0
dataset_compressed\normal\videox_test_F4.mp4,0
dataset_compressed\normal\videox_test_F5.mp4,0
dataset_compressed\normal\videox_test_F6.mp4,0
dataset_compressed\normal\videox_test_F8.mp4,0
dataset_compressed\normal\videox_test_F9.mp4,0
